"Incident Date",State,"City Or County",Address,"# Killed","# Injured",Operations
"November 25, 2016",Alaska,Fairbanks,"433 Harold Bentley Ave",4,0,N/A
"November 23, 2016","West Virginia",Troy,"Highway 47 West",1,0,N/A
"November 22, 2016",Arkansas,"Little Rock","2000 block of Harrison Street",1,0,N/A
"November 19, 2016",Pennsylvania,"Wilkes Barre","351 McLean Street",3,0,N/A
"November 18, 2016",Georgia,Norcross,"700 block of Pebble Creek Drive",3,0,N/A
"November 17, 2016",Virginia,Stafford,"8 Wilderness Ct",4,0,N/A
"November 15, 2016",Oklahoma,"Creek (county)","22500 block of West 71st Street",2,0,N/A
"November 14, 2016",Texas,Houston,"10445 Greens Crossing Boulevard",1,2,N/A
"November 13, 2016",Colorado,"Park (county)",N/A,1,0,N/A
"November 13, 2016",Florida,Jacksonville,"5105 Cleveland Rd",3,2,N/A
"November 13, 2016",Michigan,Ypsilanti,"212 Stevens Drive",1,0,N/A
"November 12, 2016",Colorado,"Grand Junction (Fruitvale)","3060 Sandpiper Avenue",1,0,N/A
"November 10, 2016",Texas,Amarillo,"4100 block of Brook Hollow",4,0,N/A
"November 6, 2016",Texas,"Rio Grande City","Woods Brothers Road and Segunada Road",2,0,N/A
"November 5, 2016",Texas,Killeen,"4600 block of Golden Gate Drive",1,0,N/A
"November 5, 2016",Indiana,Gary,"500 block of West 39th Avenue",1,0,N/A
"November 5, 2016",Missouri,"Saint Louis","806 Cliff Cave Rd",3,0,N/A
"November 4, 2016",Kansas,"Kansas City","7569 State Avenue",1,0,N/A
"November 3, 2016","New Jersey",Orange,"234 Cleveland Street",2,1,N/A
"October 29, 2016",Ohio,Toledo,"123 Rockingham Street",1,0,N/A
"October 27, 2016",Missouri,"Kansas City","18th and Topping",1,0,N/A
"October 27, 2016","North Carolina",Shelby,"600 block of Whisenant Street",2,1,N/A
"October 25, 2016",Ohio,Columbus,"4600 block of Parkwick Drive",1,3,N/A
"October 22, 2016",Georgia,Jonesboro,"24 Libby Lane",2,0,N/A
"October 20, 2016",Florida,Ochopee,"54000 block of U.S. 41",3,0,N/A
"October 20, 2016",California,Stockton,"8926 Ledgewood Avenue",1,0,N/A
"October 19, 2016",Ohio,Cable,"3140 Chatfield Road",1,0,N/A
"October 16, 2016",Texas,"San Angelo","1,000 block of FM 2105",1,0,N/A
"October 16, 2016",Arizona,Tolleson,"S 91st Ave and W Broadway Rd",3,0,N/A
"October 13, 2016",Illinois,Waukegan,"1100 block of Greenfield Avenue",1,0,N/A
"October 13, 2016",California,Tulare,"22400 block of Road 130",3,0,N/A
"October 9, 2016",Arkansas,Eudora,"240 South Mabry Street",1,2,N/A
"October 9, 2016","North Carolina","Winston Salem (Winston-salem)","669 Harvey Teague Road",2,0,N/A
"October 9, 2016",Minnesota,Minneapolis,"26th Street East and 11th Avenue South",2,0,N/A
"October 5, 2016",Georgia,Savannah,"West 50th Street",1,0,N/A
"October 5, 2016",Oregon,Beaverton,"12015 Southwest Walden Lane",3,0,N/A
"October 1, 2016",Georgia,Mcdonough,"961 King Mill Road",1,0,N/A
"October 1, 2016","South Carolina","Conway (Bucksport)","Martin Luther Drive",4,0,N/A
"September 30, 2016",Minnesota,Minneapolis,"5400 block of 34th Avenue South",3,1,N/A
"September 30, 2016",Wisconsin,Milwaukee,"2100 block of North 15th Street",1,0,N/A
"September 28, 2016",Arizona,Avondale,"525 E Harrison Dr",1,0,N/A
"September 28, 2016","South Carolina",Townville,"105 Townville School Road",2,2,N/A
"September 25, 2016",California,Stockton,"1100 block of South Commerce Street",1,0,N/A
"September 25, 2016",Alabama,Birmingham,"3100 block of Avenue Q",1,0,N/A
"September 18, 2016",Florida,"Palm Beach Gardens (Riviera Beach)","1200 block of West 32nd Street",1,0,N/A
"September 18, 2016",Florida,Tampa,"6727 S. Lois Ave.",1,0,N/A
"September 15, 2016",Texas,Katy,"5400 block of Plantation Forest Drive",2,0,N/A
"September 12, 2016",Pennsylvania,Quakertown,"2100 block of Kumry Road",1,0,N/A
"September 11, 2016",Kentucky,Louisville,"1600 block of Brashear Drive",1,0,N/A
"September 10, 2016",Texas,Bastrop,"600 block of Oak Hill Cemetery Road",3,0,N/A
"September 1, 2016","South Carolina",Columbia,"228 Meredith Square",1,2,N/A
"August 28, 2016","New Mexico",Albuquerque,"2600 Americare Ct NW",3,0,N/A
"August 28, 2016",Florida,Miami,"NW 25th Ave and 102nd St",1,1,N/A
"August 25, 2016",Tennessee,Parrottsville,"Shenandoah Way",1,0,N/A
"August 24, 2016","New Jersey",Camden,"900 block of South 8th Street",1,0,N/A
"August 18, 2016",Montana,Belgrade,"1005 Cardinal Dr",1,0,N/A
"August 15, 2016",Mississippi,Byhalia,"95 Rebecca Drive",1,0,N/A
"August 14, 2016",Florida,"Palm Beach Gardens (Riviera Beach)","4250 Leo Lane",2,0,N/A
"August 14, 2016",Louisiana,"Prairieville (Galvez)","Oak Trace Road",3,0,N/A
"August 14, 2016",Iowa,Garner,"2194 Sioux Ave",1,0,N/A
"August 13, 2016",Missouri,"Kansas City","5700 block of College Avenue",2,1,N/A
"August 13, 2016",Virginia,Danville,"800 block of Edmonds Street",1,0,N/A
"August 8, 2016",Tennessee,Hendersonville,"118 Shady View Drive",1,0,N/A
"August 8, 2016","New Jersey",Burlington,"15 Sunflower Circle",3,0,N/A
"August 6, 2016",California,"Long Beach","9th and Locust",2,0,N/A
"August 6, 2016",Idaho,Weiser,"Macomb Road",1,0,N/A
"August 6, 2016",Pennsylvania,"Reading (Sinking Spring)","51 Winding Brook Drive",5,0,N/A
"August 3, 2016",Maryland,"Hyattsville (Landover)","6900 block of Forrest Terrace Drive",1,0,N/A
"August 2, 2016",Louisiana,Marrero,"2000 block of Fernando Court",1,0,N/A
"July 31, 2016",Louisiana,Thibodaux,"900 block of Burma Road",2,0,N/A
"July 31, 2016",Alabama,"Birmingham (Homewood)","1301 Lakeshore Dr.",1,0,N/A
"July 31, 2016",Texas,Houston,"300 block of De Haven St",1,0,N/A
"July 29, 2016",Texas,Conroe,"15596 N Fwy Service Road",2,0,N/A
"July 27, 2016",Florida,"Fort Lauderdale (Dania Beach)","W Dania Beach Blvd and SW 8th Ave",2,1,N/A
"July 27, 2016",Virginia,Fairfax,"Fairfax Hunt Road",2,0,N/A
"July 26, 2016",Utah,"Salt Lake City","561 N. Center Street",2,0,N/A
"July 26, 2016",Texas,Houston,"9700 block of Shady Tree Ln",1,0,N/A
"July 23, 2016",Texas,Bastrop,"202 Childers Drive",4,1,N/A
"July 20, 2016",Georgia,"Jones (county)","113 Horseshoe Bend Court",1,0,N/A
"July 18, 2016","South Carolina",Gaston,"2400 block of Glenn Road",1,0,N/A
"July 17, 2016",Louisiana,Sulphur,"Dahlia Lane",2,0,N/A
"July 17, 2016",Pennsylvania,Knoxville,"Zara Street",1,0,N/A
"July 17, 2016","South Carolina",Darlington,N/A,2,0,N/A
"July 16, 2016",Ohio,Cincinnati,"6200 block of Chandler Street",1,0,N/A
"July 15, 2016",Florida,"Port Orange","829 Hudson Lane",1,0,N/A
"July 14, 2016",Alabama,Leighton,"1500 block of Hwy 157",1,0,N/A
"July 14, 2016",Colorado,"Steamboat Springs",N/A,1,0,N/A
"July 14, 2016",Texas,Tahoka,"County Road Q",3,0,N/A
"July 11, 2016",Texas,"Marion (county)","Monica Drive",1,0,N/A
"July 8, 2016",Arkansas,Beebe,"300 block of Spring Street",1,0,N/A
"July 8, 2016",California,"San Bernardino","2950 Del Rosa Avenue",3,0,N/A
"July 8, 2016",Minnesota,Minneapolis,"Lowry Avenue N. and Penn Avenue N.",1,1,N/A
"July 5, 2016",California,Altadena,"300 block of Figueroa Drive",1,1,N/A
"July 3, 2016",Kentucky,Lowmansville,"July Drive",1,0,N/A
"July 2, 2016",Illinois,"Hazel Crest","2400 block of Crescent Drive",3,0,N/A
"July 2, 2016",California,Lemoore,"800 block of Dogwood Avenue",1,0,N/A
"July 1, 2016",Tennessee,Clarksville,"874 Samantha Lane",1,0,N/A
"June 29, 2016",Nevada,"Las Vegas","6100 block of West Lake Mead Boulevard",5,0,N/A
"June 28, 2016",Texas,"Aransas Pass","1700 block of West Highland Avenue",3,0,N/A
"June 25, 2016","New Jersey","East Orange","112 Norman Street",1,0,N/A
"June 23, 2016",Pennsylvania,Philadelphia,"1800 block of N 20th Street",1,0,N/A
"June 21, 2016",California,Fresno,"South First Street and East Platt Avenue",1,2,N/A
"June 20, 2016",Colorado,"Conejos (county)",N/A,1,0,N/A
"June 20, 2016",Missouri,"Kansas City","East 8th Street and The Paseo",1,0,N/A
"June 17, 2016",Iowa,Elgin,"210 Main Street",1,0,N/A
"June 12, 2016",Pennsylvania,Littlestown,"first block of James Avenue",2,1,N/A
"June 11, 2016","New Mexico",Roswell,"2300 block of Davis Ave",5,0,N/A
"June 4, 2016",Illinois,Chicago,"900 block of West 96th Street",1,0,N/A
"June 3, 2016",Ohio,Hillsboro,"Trenton Street",2,0,N/A
"June 3, 2016",Colorado,Aurora,"1575 Galena Street",1,0,N/A
"June 1, 2016",Texas,"San Antonio","5500 block of San Fernando Street",1,1,N/A
"June 1, 2016",Texas,"San Antonio","800 block of Pecan Valley Drive",1,1,N/A
"May 27, 2016",Alabama,Huntsville,"3300 block of Lockwood Court",1,0,N/A
"May 27, 2016","New York",Wallkill,"559 Fifth Avenue",3,0,N/A
"May 27, 2016",Indiana,"Indianapolis (Cumberland)","500 block of Wickerwood Drive",1,0,N/A
"May 26, 2016",Virginia,Roanoke,"2000 block of Carroll Avenue NW",1,0,N/A
"May 25, 2016",Michigan,Detroit,"16400 block of Fairmont",1,0,N/A
"May 25, 2016",Texas,"Wichita Falls",N/A,1,0,N/A
"May 24, 2016",Missouri,"Saint Louis","Hall St and Riverview Dr",1,0,N/A
"May 21, 2016",Louisiana,"La Place (Laplace)","19 Country Club Dr",1,0,N/A
"May 20, 2016",Alabama,Horton,"Welcome Home Church Road",1,0,N/A
"May 20, 2016",Illinois,Barry,"186 E 2700th St",1,0,N/A
"May 17, 2016",Texas,Bellevue,"4700 block of Buffalo Springs Road",1,0,N/A
"May 17, 2016","South Carolina",Ravenel,"5360 Savannah Highway",3,1,N/A
"May 12, 2016",Ohio,Hilliard,"5100 block of Scioto Darby Road",1,0,N/A
"May 10, 2016",Michigan,Detroit,"19700 block of Oakfield Street",1,0,N/A
"May 6, 2016","North Carolina",Lillington,"Cherry Hill Drive",3,0,N/A
"May 6, 2016",Hawaii,Pahoa,"Moku St",3,0,N/A
"May 5, 2016",Wisconsin,Milwaukee,"North 15th Street and West Meinecke Avenue",1,0,N/A
"May 1, 2016",Indiana,Indianapolis,"Gale and Vermont",1,0,N/A
"April 27, 2016",Wisconsin,"Wisconsin Rapids","440 11th Street South",3,0,N/A
"April 27, 2016",Missouri,"Villa Ridge","200 block of Maple Lake Court",1,0,N/A
"April 26, 2016",Georgia,Dallas,"Camp Circle and Dallas Acworth Highway",1,0,N/A
"April 25, 2016",Georgia,"Locust Grove","3300 block of Bill Gardner Parkway",3,0,N/A
"April 22, 2016",Louisiana,Natchitoches,"600 block of Sabine Alley",1,0,N/A
"April 21, 2016",Missouri,"Kansas City","2600 block of Lawn Avenue",1,0,N/A
"April 21, 2016",Missouri,"Lowry City","E. 7th Street",2,0,N/A
"April 20, 2016",Indiana,Indianapolis,"5200 block of Alameda Road",1,0,N/A
"April 19, 2016",Texas,Katy,"1318 Longdraw Drive",4,0,N/A
"April 18, 2016",Florida,Deltona,"Interstate 4",3,0,N/A
"April 16, 2016",Michigan,Detroit,"Winthrop Street",1,0,N/A
"April 16, 2016",Pennsylvania,Philadelphia,"200 block of E. Mayfield Street",1,0,N/A
"March 27, 2016",Michigan,Detroit,"16800 block of Riverview",1,2,N/A
"March 23, 2016",California,Oceanside,"4640 Greenhill Way",3,0,N/A
"March 21, 2016",Texas,Sherman,"2600 block of Rivercrest Drive",4,0,N/A
"March 20, 2016",Kentucky,Louisville,"13120 Saratoga Springs Place",4,0,N/A
"March 20, 2016",Illinois,"Chicago (Englewood)","6700 block of S. Aberdeen St.",1,0,N/A
"March 19, 2016",Texas,Houston,"US 59 and Westpark",1,1,N/A
"March 11, 2016",Montana,Bozeman,"341 Golden Trout Way",3,0,N/A
"March 11, 2016",Georgia,Norcross,"4900 block of Appaloosa Trail",1,0,N/A
"March 10, 2016",Mississippi,Vicksburg,"600 block of Fort Hill Drive",1,0,N/A
"March 6, 2016",Montana,Roundup,N/A,2,0,N/A
"March 4, 2016",Ohio,Columbus,"900 E. 5th Ave.",1,3,N/A
"March 1, 2016",Florida,Sanford,"Highlawn Avenue",1,0,N/A
"February 29, 2016",Tennessee,Apison,"4724 Gates Lane",1,0,N/A
"February 26, 2016",Indiana,Sunman,"Van Wedding Road",1,0,N/A
"February 25, 2016","North Carolina",Goldsboro,"Sevendales Drive",1,0,N/A
"February 23, 2016",Arizona,Glendale,"4812 West Sunnyside Ave",5,0,N/A
"February 21, 2016",Florida,Fountain,"11601 Nonawood Road",1,0,N/A
"February 20, 2016",Florida,Miami,"1225 NE 103rd Lane",1,0,N/A
"February 19, 2016",Missouri,Edgerton,"4100 block of Buena Vista Road",4,0,N/A
"February 17, 2016",Indiana,Zionsville,"6833 Old Hunt Club Rd",3,0,N/A
"February 16, 2016","New Hampshire",Durham,N/A,1,0,N/A
"February 16, 2016",Texas,Lubbock,"2538 71st St",1,0,N/A
"February 12, 2016",Texas,Kerrville,"2500 block of Goat Creek Road",3,0,N/A
"February 9, 2016","New York",Latham,"35 Schalren Drive",3,0,N/A
"February 9, 2016",California,Compton,"200 block of Holly Avenue",1,0,N/A
"February 6, 2016",Alabama,"Birmingham (Irondale)","2000 block of Monroe Drive",1,0,N/A
"February 2, 2016",Maryland,"Fort Washington","1300 block of Palmer Road",2,0,N/A
"February 1, 2016",Alaska,"Wasilla (Meadow Lake)","4600 block of North Autumn Lane",2,0,N/A
"January 30, 2016",Maryland,Baltimore,"400 block of N. Athol Avenue",1,0,N/A
"January 29, 2016",Florida,Jacksonville,"700 block of Spearing Street",1,0,N/A
"January 25, 2016",Tennessee,Crossville,"2009 N Main St",1,0,N/A
"January 23, 2016",Alaska,"Iliamna (Kokhanok)",N/A,1,0,N/A
"January 22, 2016",Wisconsin,Beloit,"Shopiere Road and Prairie Avenue",1,0,N/A
"January 20, 2016",Michigan,Flint,"1300 block of Columbia Lane",1,0,N/A
"January 20, 2016",Louisiana,"New Orleans","5600 block of Red Maple Drive",1,0,N/A
"January 19, 2016",Oklahoma,Anadarko,N/A,1,0,N/A
"January 19, 2016",Texas,Cypress,"15400 block of Redbud Berry Way",1,0,N/A
"January 16, 2016",Missouri,Carthage,"5920 Stone Hill Loop",3,0,N/A
"January 14, 2016",Ohio,Dayton,"4700 block of Queens Avenue",1,2,N/A
"January 11, 2016",Illinois,Alton,"3116 Acorn Street",1,0,N/A
"January 10, 2016","North Carolina",Lumberton,"2200 block of Martin Luther King Jr. Drive",1,0,N/A
"January 9, 2016",Kentucky,Louisville,"400 block of N. 34th Street",1,0,N/A
"January 6, 2016",Georgia,Buford,"1800 block of Beyers Landing Drive",2,0,N/A
"January 4, 2016",Colorado,Trinidad,"806 E. Goddard Avenue",1,0,N/A
"January 1, 2016",Wisconsin,Cudahy,"3700 block of E. Whittaker Ave",2,0,N/A
"December 28, 2015",Alaska,Bethel,N/A,1,0,N/A
"December 27, 2015",Michigan,Detroit,"1600 block of Steel Street",1,1,N/A
"December 27, 2015",Florida,Miami,"15100 block of Jackson Street",1,0,N/A
"December 25, 2015","North Carolina","Chapel Hill","700 block of Trinity Court",1,0,N/A
"December 25, 2015","New Jersey",Edgewater,"100 Tower Drive",3,0,N/A
"December 23, 2015",Arizona,Tucson,"5751 N. Kolb Rd",3,0,N/A
"December 21, 2015",Missouri,"Saint Louis","1600 block of Emerald Creek Drive",1,0,N/A
"December 14, 2015",Arizona,Kayenta,N/A,3,0,N/A
"December 11, 2015",Tennessee,"Estill Springs","100 block of Honey Lane",1,0,N/A
"December 11, 2015",Kansas,"South Hutchinson","107 East Avenue B",1,0,N/A
"December 9, 2015",Texas,Dallas,"4900 block of South Buckner Boulevard",1,0,N/A
"December 7, 2015",Tennessee,Cleveland,"Hillview Drive NW",2,0,N/A
"December 6, 2015",Nebraska,Omaha,"North 108th Street and Military Road",2,3,N/A
"December 4, 2015",Utah,"Spanish Fork (Lake Shore)",N/A,1,0,N/A
"December 3, 2015",Michigan,Taylor,"13333 Telegraph Road",2,1,N/A
"November 28, 2015","New York",Rome,"519 West Dominick",1,0,N/A
"November 28, 2015",Georgia,Atlanta,"1041 Martin Street SE",1,0,N/A
"November 23, 2015",Ohio,Columbus,"90 block of S. Terrace Avenue",4,1,N/A
"November 21, 2015",Tennessee,Goodlettsville,"452 Moss Trail",1,0,N/A
"November 18, 2015",Arkansas,"Little Rock","3401 Lamar Street",1,0,N/A
"November 18, 2015",California,Bakersfield,"4300 block of Palmacia Drive",1,1,N/A
"November 17, 2015",Arkansas,Benton,"Nelson Court",1,0,N/A
"November 15, 2015","South Carolina","Rock Hill","Amelia Avenue",1,0,N/A
"November 15, 2015",Texas,"Tennessee Colony","800 block of County Road 2217",5,0,N/A
"November 13, 2015",Florida,Jacksonville,"1300 block of South Shirley Oaks Drive",4,1,N/A
"November 11, 2015",Georgia,Jackson,"500 block of Carr Avenue",1,0,N/A
"November 9, 2015",Michigan,Detroit,"6600 block of Barton Street",1,0,N/A
"November 7, 2015",Ohio,Dayton,"200 block of East Bruce Avenue",1,0,N/A
"November 6, 2015",Texas,Houston,"7800 block of Elvera",2,0,N/A
"November 4, 2015",Kentucky,Owensboro,"2742 Western Pkwy",1,0,N/A
"November 3, 2015",Louisiana,Marksville,"Martin Luther King Drive",1,1,N/A
"November 2, 2015",Illinois,Chicago,"8000 S. Damen Ave",1,0,N/A
"November 1, 2015",Pennsylvania,"Pittsburgh (Mount Oliver)","Hays Avenue",1,1,N/A
"October 27, 2015",Georgia,Acworth,"1059 Athena Court",1,0,N/A
"October 26, 2015","North Carolina",Hendersonville,"158 Golden Eagle Way",1,0,N/A
"October 21, 2015","South Carolina",Anderson,"106 New Prospect Church Rd",1,0,N/A
"October 20, 2015","New Mexico",Albuquerque,"Interstate 40 and 98th Street",1,0,N/A
"October 17, 2015",Georgia,Dallas,"400 block of Fairview Drive",1,1,N/A
"October 17, 2015",Illinois,Chicago,"1000 block of North Francisco Avenue",1,0,N/A
"October 13, 2015",Georgia,Savannah,"7800 block of Clyo Circle",1,1,N/A
"October 11, 2015",Nevada,"Las Vegas","9100 block of Wine Cellar Avenue",1,0,N/A
"October 10, 2015",Utah,"Cache (county)",N/A,1,0,N/A
"October 8, 2015","New Mexico",Dulce,N/A,2,0,N/A
"October 4, 2015",Tennessee,Clarksville,"900 block of Princeton Drive",1,1,N/A
"October 3, 2015",Tennessee,"White Pine","Robin Road",1,0,N/A
"October 2, 2015",Nevada,"Las Vegas","7200 block of Hardtack Circle",3,0,N/A
"October 1, 2015",Ohio,Cleveland,"East 145th Street and Spear Avenue",1,0,N/A
"September 29, 2015",Missouri,Eureka,"4901 Six Flags Road",2,0,N/A
"September 25, 2015",Texas,Houston,"6500 block of Narcissus",1,1,N/A
"September 19, 2015",Indiana,Indianapolis,"3900 block of Graceland Avenue",1,3,N/A
"September 18, 2015",Utah,"Salt Lake City","639 N. Sir Philip Dr.",3,0,N/A
"September 17, 2015","South Dakota",Geddes,"36705 379th Street",6,0,N/A
"September 15, 2015",Ohio,Cleveland,"East 113th Street and Regalia",1,1,N/A
"September 13, 2015",California,Greenwood,"4600 block of Highway 193",3,0,N/A
"September 8, 2015",Missouri,"Kansas City","East 84th Street and Hillcrest Road",3,0,N/A
"September 6, 2015",Texas,"Fort Worth","3600 block of Mountcastle Drive",2,0,N/A
"September 5, 2015","North Carolina",Charlotte,"6800 block of Fieldvale Place",1,3,N/A
"September 5, 2015",Missouri,"Kansas City","400 block of North Elmwood Avenue",1,0,N/A
"September 4, 2015",Ohio,Cleveland,"2300 block of Louise Harris Drive",1,0,N/A
"September 4, 2015",Alabama,Eutaw,"Baron Road",1,0,N/A
"September 2, 2015",Illinois,Chicago,"7400 block of South St. Lawrence Avenue",1,0,N/A
"September 1, 2015","New Jersey","Long Branch","245 Joline Avenue",4,0,N/A
"September 1, 2015",Pennsylvania,Pittsburgh,"1600 block of Sandusky Court",1,0,N/A
"August 27, 2015",Indiana,"Henry (county)","5500 block of West Old National Road",3,0,N/A
"August 25, 2015",Missouri,"Saint Louis (Hanley Hills)","7700 block of Utica Drive",1,0,N/A
"August 23, 2015",Virginia,Hardy,"Heatherton Lane",1,0,N/A
"August 18, 2015",Missouri,"Saint Louis (Ferguson)","9200 block of Ellison",1,1,N/A
"August 10, 2015",Michigan,Flint,"200 block of W. Home Avenue",2,0,N/A
"August 8, 2015","North Carolina",Statesville,"162 Trent Road",3,0,N/A
"August 8, 2015",Texas,Houston,"2211 Falling Oaks",8,0,N/A
"August 5, 2015",Alaska,Anchorage,"4000 block of Olympic Terrace Circle",1,0,N/A
"August 5, 2015",Mississippi,Mccomb,"200 block of McComb Street",1,0,N/A
"August 3, 2015",Michigan,Detroit,"16000 block of Eastwood Street",1,0,N/A
"August 3, 2015",Texas,Longview,"2500 block of North Eastman Road",1,0,N/A
"July 30, 2015",Texas,Houston,"8442 Tavenor Lane",1,0,N/A
"July 29, 2015","District of Columbia",Washington,"600 block of 46th Place SE",1,0,N/A
"July 29, 2015",California,Highland,"7200 block of McKinley Avenue",1,0,N/A
"July 23, 2015",Washington,Shelton,"700 block of East Road of Tralee",2,0,N/A
"July 23, 2015",Michigan,"Antrim (county)","Tobias Road",1,0,N/A
"July 22, 2015",Georgia,Suwanee,"5500 block of Old Atlanta Road",5,0,N/A
"July 18, 2015",Florida,"Polk (county)","Drane Field Rd",2,0,N/A
"July 17, 2015",Louisiana,Shreveport,"200 block of Prospect Street",1,0,N/A
"July 17, 2015",Maryland,Baltimore,"8900 block of Yvonne Ave",3,0,N/A
"July 17, 2015",Washington,Bellingham,"5056 Noon Road",2,1,N/A
"July 16, 2015",Virginia,Roanoke,"3100 block of Oakland Boulevard NW",1,1,N/A
"July 15, 2015",Missouri,"Kansas City","3100 block of Spruce",1,0,N/A
"July 8, 2015",Louisiana,Marksville,"Louisiana Highway 1196",2,0,N/A
"July 6, 2015",Kansas,Topeka,"SE Golf Park Boulevard and SE Fremont",1,0,N/A
"July 5, 2015",Texas,Spring,"19000 block of Puget Lane",1,0,N/A
"July 4, 2015",Illinois,Chicago,"1100 block of North Harding Avenue",1,1,N/A
"July 2, 2015",Virginia,Hampton,"300 block of West Chamberlin Avenue",1,0,N/A
"July 2, 2015",Washington,Connell,"Scooteney Rd and Ridge Rd",2,0,N/A
"July 2, 2015",Arkansas,"El Dorado","Louisiana Avenue and East Cook Street",1,0,N/A
"June 28, 2015",Michigan,Franklin,"12919 Tipton Highway",1,0,N/A
"June 27, 2015",Montana,"Saint Marie","308B Willow",1,0,N/A
"June 27, 2015",Florida,Greenacres,"4661 Chariot Circle",4,0,N/A
"June 27, 2015",Virginia,Portsmouth,"1500 block of Maple Avenue",1,1,N/A
"June 25, 2015",Wyoming,Lingle,"8232 of Cemetery Road",2,0,N/A
"June 23, 2015",Louisiana,"Breaux Bridge","La Rue Angelle",3,1,N/A
"June 21, 2015",Utah,Roy,"2106 W. 4750 South",4,0,N/A
"June 13, 2015",Texas,"Wise (county)","County Road 4010",1,0,N/A
"June 11, 2015",Ohio,Hamilton,"709 Gordon Smith Boulevard",1,0,N/A
"June 10, 2015",California,Adelanto,"1800 block of Bellflower Street",1,0,N/A
"June 9, 2015",Tennessee,Memphis,"4300 block of Egyptian Cove",1,0,N/A
"June 7, 2015",Montana,"Deer Lodge","Boulder Creek Road",5,0,N/A
"June 7, 2015",Utah,"Salt Lake City (Murray)","224 E. Vantana Court",3,0,N/A
"May 31, 2015",Missouri,"Kansas City","6700 block of Walrond Avenue",1,0,N/A
"May 30, 2015",Alaska,Ambler,N/A,1,0,N/A
"May 30, 2015",Texas,Abilene,"500 block of Washington Street",1,0,N/A
"May 29, 2015",Virginia,Chesterfield,"20300 block of Ferintosh Court",2,0,N/A
"May 28, 2015",Maryland,Baltimore,"100 block of Upmanor Road",2,0,N/A
"May 27, 2015",California,"Trabuco Canyon","15 Swallows Lane",2,0,N/A
"May 25, 2015","New York",Yonkers,"484 Walnut St",1,0,N/A
"May 25, 2015",Virginia,Meherrin,"Doswell Town Road",1,0,N/A
"May 23, 2015",Mississippi,Jackson,"Glencross Drive",1,0,N/A
"May 16, 2015",California,Perris,"140 block of Metz Road",1,0,N/A
"May 15, 2015",Arkansas,Redfield,"1107 Huck Finn Blvd",1,0,N/A
"May 14, 2015",Louisiana,"New Orleans","Grant Street and Old Gentilly Road",3,0,N/A
"May 13, 2015",Alaska,Anchorage,"500 block of East 74th Avenue",4,0,N/A
"May 11, 2015",Kentucky,"Vine Grove","Willow Crossing Court",2,0,N/A
"May 3, 2015",Florida,"Panama City","1914 Frankford Ave",1,0,N/A
"May 3, 2015",Louisiana,Shreveport,"400 block of Pete Harris Drive",1,0,N/A
"May 3, 2015",Wisconsin,Menasha,"North Lake Street",4,1,N/A
"April 30, 2015",Georgia,Macon,"6381 Thomaston Road",1,0,N/A
"April 29, 2015",Georgia,Augusta,"1200 block of Holden Drive",1,0,N/A
"April 23, 2015",Georgia,Varnell,"3896 Cleveland Highway",3,0,N/A
"April 20, 2015",Florida,"Fort Pierce","Avenue E",1,0,N/A
"April 18, 2015",Texas,Killeen,"3600 block of Del Mar Court",1,0,N/A
"April 16, 2015",Washington,Kent,"S. 248th Street and Lake Fenwick Road",1,0,N/A
"April 12, 2015",Ohio,Cleveland,"3700 block of E. 63",1,0,N/A
"April 10, 2015",Tennessee,Memphis,"2600 block of Durby Circle",1,0,N/A
"April 1, 2015",Oklahoma,Tulsa,"18600 block of East 49th Street",4,0,N/A
"March 31, 2015",Pennsylvania,Washington,"West Chestnut Street",1,0,N/A
"March 31, 2015",Tennessee,Madison,"333 Rio Vista Drive",1,0,N/A
"March 29, 2015",Georgia,Jefferson,"300 block of Fairfield Drive",1,0,N/A
"March 28, 2015","New Hampshire",Bedford,"17 McAfee Farm Road",3,0,N/A
"March 28, 2015",Washington,"Bremerton (East Bremerton)","3060 Northeast McWilliams Road",2,1,N/A
"March 25, 2015",Florida,"Saint Cloud","16000 block of Bachmann Avenue",2,1,N/A
"March 24, 2015",Florida,Miami,"1900 block of Northwest 4th Court",1,1,N/A
"March 22, 2015",Alaska,Kenai,"Alpine Drive and Borgen Avenue",4,0,N/A
"March 19, 2015",Texas,Houston,"14425 Alief Clodine Rd",1,0,N/A
"March 19, 2015",Oklahoma,Tulsa,"7900 block of South Riverside Drive",1,0,N/A
"March 19, 2015",Texas,Houston,"6301 Sierra Blanca",1,0,N/A
"March 17, 2015",Oklahoma,Comanche,"Highway 81",1,0,N/A
"March 16, 2015",Missouri,Springfield,"3660 South Cox Road",3,0,N/A
"March 13, 2015",Michigan,Flint,"1800 block of Barks Street",1,0,N/A
"March 13, 2015",Mississippi,Brookhaven,"1097 South First St.",2,3,N/A
"March 13, 2015",Kentucky,Louisville,"3400 block of Algonquin Parkway",1,0,N/A
"March 11, 2015",Missouri,"Saint Louis","4500 block of West Florissant Avenue",1,2,N/A
"March 10, 2015",Michigan,"Dorr Township","2300 block of Briarwood Street",3,0,N/A
"March 9, 2015",Texas,Laredo,"1800 block of Convent Ave",3,0,N/A
"March 8, 2015",Washington,"Yakima (Union Gap)","1815 West Ahtanum Road",1,0,N/A
"March 5, 2015",Oregon,Malin,"9425 Matney Way",1,0,N/A
"March 4, 2015",Alaska,Shungnak,N/A,1,0,N/A
"March 3, 2015",Louisiana,"New Orleans","14535 Duane Road",2,1,N/A
"March 1, 2015",Texas,Houston,"1900 block of Imperial Stone Dr.",1,0,N/A
"February 27, 2015",Texas,Houston,"7400 block of Betanna",1,0,N/A
"February 16, 2015",Oregon,"Myrtle Creek","Division and North Myrtle Road",2,0,N/A
"February 15, 2015",Alabama,Gaylesville,"County Road 865",1,2,N/A
"February 13, 2015",Indiana,"Fort Wayne","1500 block of 4th Street",1,0,N/A
"February 11, 2015",Kentucky,Corbin,"1212 Forest Circle Drive",4,0,N/A
"February 11, 2015","New Mexico","Rio Rancho","Southern Boulevard SE and Country Club Drive SE",2,0,N/A
"February 10, 2015",Ohio,Dalton,"South Mount Eaton Road",1,0,N/A
"February 10, 2015",Indiana,Paoli,"500 block of North Helm Street",3,0,N/A
"February 9, 2015",Louisiana,"Lake Charles","Arsene Road",1,0,N/A
"February 7, 2015",Georgia,Douglasville,"3640 Willow Tree Circle",5,2,N/A
"February 4, 2015","North Carolina","Stokes County","1340 Ralph Boyles Road",4,0,N/A
"January 24, 2015","New York","Arverne (Queens)","231-11 148th Avenue",4,1,N/A
"January 21, 2015",Michigan,"Benton Harbor","1600 block of Norton St",1,0,N/A
"January 21, 2015",Florida,"Tarpon Springs","1094 Misty Hollow Lane",1,0,N/A
"January 20, 2015",California,"San Diego","9500 block of High Park Lane",3,0,N/A
"January 19, 2015",Mississippi,Columbus,"Sobley Road",1,0,N/A
"January 19, 2015",Missouri,Elmo,"100 block of South Scott Street",1,0,N/A
"January 18, 2015",Minnesota,"Saint Paul (Apple Valley)","1051 Ramsdell Dr",3,0,N/A
"January 18, 2015",California,Fresno,"Clinton and Marks Avenue",1,0,N/A
"January 6, 2015",Georgia,"Fort Valley","1103 E. Church Street",1,0,N/A
"January 4, 2015",Kansas,"Kansas City","2700 block of North Early Street",1,1,N/A
"January 4, 2015",Maryland,Baltimore,"1900 block of 62nd Street",2,0,N/A
"January 2, 2015",Wisconsin,Montfort,"Main St.",2,1,N/A
"December 31, 2014",Alabama,Montgomery,"1700 block of Yarborough Street",1,0,N/A
"December 29, 2014",Michigan,Detroit,"11200 block of Roxbury St",1,0,N/A
"December 29, 2014",Michigan,Detroit,"11200 block of Roxbury Street",1,0,N/A
"December 29, 2014",Florida,Tallahassee,"800 block of Dover Street",1,0,N/A
"December 27, 2014",Wisconsin,Milwaukee,"6400 block of N. 73rd Street",1,0,N/A
"December 22, 2014",Ohio,"New Paris","7800 block of New Paris Gettysburg Road",2,1,N/A
"December 20, 2014",Illinois,Rockford,"3200 block of Montrose Avenue",4,0,N/A
"December 15, 2014","South Carolina",Simpsonville,"Garfield Lane",1,0,N/A
"December 5, 2014",Illinois,"Villa Park",N/A,1,0,N/A
"November 28, 2014",Texas,Childress,N/A,1,0,N/A
"November 25, 2014",Texas,Katy,"4302 Falcon Meadow",1,0,N/A
"November 24, 2014","North Carolina",Peachland,"Horne Store Road",2,0,N/A
"November 23, 2014",Minnesota,Rochester,"4500 block of Fifth Street Northwest",2,0,N/A
"November 20, 2014",Indiana,Elkhart,"2100 block of Morton Avenue",1,0,N/A
"November 20, 2014","New Jersey",Tabernacle,"Holly Park Drive",4,0,N/A
"November 18, 2014",Georgia,Savannah,"200 block of Hampstead Avenue",1,0,N/A
"November 14, 2014",Georgia,Decatur,"4900 block of Hidden Creek Place",1,0,N/A
"November 14, 2014",Louisiana,Shreveport,"2700 block DeVaughn Street",1,0,N/A
"November 9, 2014",Indiana,Indianapolis,"1700 block of Century Circle",1,0,N/A
"November 8, 2014",Michigan,Detroit,"16100 block of Northlawn Ave",1,0,N/A
"November 8, 2014",Nevada,Reno,"6300 block Stone Valley Drive",3,0,N/A
"November 6, 2014",Wisconsin,Milwaukee,"North 58th and Hampton",1,0,N/A
"November 2, 2014",Ohio,Cincinnati,"200 block of Kinsey Avenue",1,0,N/A
"October 28, 2014","North Carolina",Durham,"900 block of Pebblestone Drive",1,1,N/A
"October 26, 2014",Kansas,"Kansas City","15th Street and New Jersey Avenue",1,0,N/A
"October 22, 2014",Indiana,Kokomo,"406 Fawn Drive",1,1,N/A
"October 22, 2014",Montana,Charlo,"Eagle Trail Pass",1,0,N/A
"October 22, 2014",California,Anaheim,"2300 block of West Greenacre Avenue",1,0,N/A
"October 20, 2014",Texas,Ledbetter,"U.S. Highway 290",3,0,N/A
"October 17, 2014",Tennessee,Buchanan,"Mt Pleasant Freeland Rd",1,0,N/A
"October 17, 2014",Florida,"Port Orange","1900 block of Jackson Lane",3,1,N/A
"October 17, 2014",Missouri,"Kansas City","107th Street and Blue Ridge Boulevard",1,0,N/A
"October 16, 2014",Michigan,Detroit,"Mogul Street",1,3,N/A
"October 13, 2014",Florida,"Fort Myers","2210 Cuba St. ",1,0,N/A
"October 11, 2014","New Jersey",Irvington,"84 Ellis Avenue",1,0,N/A
"October 11, 2014",Louisiana,Benton,"200 block of Retha Lane",1,0,N/A
"October 10, 2014",California,Watsonville,"972 Main St",2,1,N/A
"October 8, 2014","New York",Guilderland,"1846 Western Ave",4,0,N/A
"October 8, 2014",Virginia,Richmond,"100 block of East Roanoke Street",4,0,N/A
"September 18, 2014",Florida,Bell,"NW 30th Street and NW 39th Terrace",8,0,N/A
"September 17, 2014","North Carolina",Gastonia,"Cramerton Road",1,0,N/A
"September 15, 2014",Louisiana,Tallulah,"509 N. Chestnut Street",1,0,N/A
"September 13, 2014","South Carolina",Denmark,"East Mill Street",1,0,N/A
"September 8, 2014",Georgia,"Stone Mountain","700 block of 3rd Street",1,0,N/A
"September 7, 2014",California,Manteca,"1200 block of Glenn Drive",1,1,N/A
"September 6, 2014","New Jersey","Scotch Plains","300 block of Jerusalem Road",2,0,N/A
"September 6, 2014",Alabama,"Pleasant Grove","300 block of Eighth Street",3,0,N/A
"September 6, 2014",Alabama,Greensboro,N/A,1,0,N/A
"September 5, 2014",Virginia,Richmond,"1500 block of Mechanicsville Turnpike",1,0,N/A
"September 3, 2014",Ohio,Springfield,"727 Burt Street",3,0,N/A
"September 2, 2014",Oklahoma,Tulsa,"2100 block of South 109th East Avenue",4,0,N/A
"September 2, 2014",Arizona,Tucson,"1300 block of North Bonanza Avenue",3,0,N/A
"September 2, 2014",Arizona,"San Tan Valley","500 block of E. Red Rock Trail",1,0,N/A
"August 27, 2014",Kentucky,Louisville,"110 block of South 37th Street",1,1,N/A
"August 27, 2014","New Mexico",Bloomfield,"414 Ruth Lane",1,0,N/A
"August 27, 2014",Missouri,"Callaway County","7576 Primrose Lane",1,0,N/A
"August 26, 2014",Oklahoma,Tulsa,"2190 S. 109th East Avenue",4,0,N/A
"August 24, 2014",Georgia,"Paulding County","100 block of Gilbert’s Way",3,0,N/A
"August 22, 2014",Illinois,Chicago,"4300 block of West Monroe Street",1,0,N/A
"August 20, 2014",Illinois,Chicago,"1200 block of East 71st Street",1,0,N/A
"August 17, 2014",Tennessee,Clarksville,"2600 block of Arthurs Court",1,0,N/A
"August 16, 2014",Maryland,Suitland,"4600 block of Branch Avenue",2,0,N/A
"August 16, 2014",Louisiana,"Baton Rouge","8900 block of Prescott Road",1,1,N/A
"August 16, 2014",Kentucky,Inez,"Upper James Lane",3,0,N/A
"August 15, 2014",Tennessee,Memphis,"4029 Chinaberry Cove",3,0,N/A
"August 10, 2014",Tennessee,Sparta,"8504 Old Kentucky Rd",1,0,N/A
"August 10, 2014",Maryland,Landover,"6900 block of Forest Terrace",1,0,N/A
"August 6, 2014",Oklahoma,Hobart,"200 block of Monroe",1,0,N/A
"August 5, 2014","North Carolina",Weldon,"606 Cedar Street",1,1,N/A
"August 3, 2014",Virginia,Culpeper,"4400 block of Rixeyville Road",5,0,N/A
"August 1, 2014",Pennsylvania,Philadelphia,"1500 block of South Etting Street",1,3,N/A
"July 30, 2014",Idaho,Chubbuck,"600 block of Canal Street",1,0,N/A
"July 30, 2014",Michigan,Detroit,"600 block of East Street",1,1,N/A
"July 29, 2014",Kansas,Wichita,"500 block of East Lincoln",1,0,N/A
"July 26, 2014",Pennsylvania,"Crum Lynne","Haverford Road",2,1,N/A
"July 26, 2014",Maine,Saco,"35 Water Street",5,0,N/A
"July 25, 2014","South Carolina",Pelzer,"Hindman Street",1,0,N/A
"July 23, 2014",Virginia,Norfolk,"400 block of Woodford Street",2,0,N/A
"July 23, 2014","North Carolina",Wilson,"400 Parkview Street",1,0,N/A
"July 18, 2014",Kansas,Leavenworth,"20th Street and Metropolitan Avenue",1,1,N/A
"July 18, 2014",Illinois,Chicago,"3900 West Gladys Avenue",1,0,N/A
"July 9, 2014",Texas,Spring,"711 Leaflet Lane",6,1,N/A
"July 2, 2014",Alabama,"Birmingham (Midfield)",N/A,1,0,N/A
"July 2, 2014",Arizona,Phoenix,"363rd and Durango",1,0,N/A
"July 1, 2014",Michigan,Detroit,"30100 Carlysle St",1,2,N/A
"June 25, 2014",Virginia,"Virginia Beach","2200 block of Chicks Beach Court",2,0,N/A
"June 17, 2014",Ohio,Frazeysburg,"43 1st St ",1,0,N/A
"June 15, 2014",Virginia,Chesterfield,"5700 Fox Maple Terrace",4,0,N/A
"June 13, 2014",Georgia,High,"300 block of Moon Lake Road",1,1,N/A
"June 10, 2014",Ohio,Cleveland,"2700 block of Washington Avenue",1,0,N/A
"June 8, 2014",Florida,"Fort Myers","17372 Phlox Drive",5,0,N/A
"June 1, 2014",Missouri,Joplin,"11319 Hwy FF  (32nd St)",1,0,N/A
"May 31, 2014",Louisiana,"West Monroe","1616 Arkansas Rd",3,0,N/A
"May 28, 2014",Florida,"Palm Beach County","Quail Lake Drive ",1,0,N/A
"May 27, 2014",Arizona,Payson,"303 S. Ash Street",1,0,N/A
"May 26, 2014",Nevada,"Las Vegas","5200 block of Pebble Beach Boulevard",1,0,N/A
"May 24, 2014",Vermont,Cabot,"Vermont 215",1,0,N/A
"May 24, 2014",Texas,Boerne,"100 block of Becker Street",1,0,N/A
"May 24, 2014",Texas,"Ector County","12000 block of South Beryl Avenue",2,1,N/A
"May 22, 2014",Mississippi,Jackson,"422 Queen Marie Lane",1,0,N/A
"May 21, 2014",Wisconsin,Milwaukee,"N. 28th Street and Clarke Street",1,0,N/A
"May 18, 2014",Texas,"San Antonio","1400 block of Aransas Avenue",1,0,N/A
"May 17, 2014",Indiana,Merrillville,"6400 block of Cleveland Street",1,0,N/A
"May 10, 2014",Georgia,"Stone Mountain","1100 To Lani Farm Road",1,3,N/A
"May 3, 2014",Pennsylvania,"Dingmans Ferry","123 Keystone Dr",1,0,N/A
"April 29, 2014",Kansas,Wichita,"1300 block of North Pennsylvania Avenue",1,0,N/A
"April 28, 2014","North Carolina",Durham,"Macon Street and Washington ",1,0,N/A
"April 26, 2014",Kentucky,Louisville,"2700 Narragansett Drive",1,0,N/A
"April 26, 2014",Indiana,"Noble County","5000 W. County Road 1100",1,0,N/A
"April 25, 2014","North Carolina",Fayetteville,"Peele Street",1,0,N/A
"April 25, 2014","North Carolina",Fayetteville,"2101 Hyde Place",1,0,N/A
"April 21, 2014",Tennessee,Memphis,"4000 block of Orleans Road",1,0,N/A
"April 21, 2014",Virginia,Wirz,"Double Oaks Lane",1,0,N/A
"April 21, 2014",Iowa,"Des Moines","2746 Fleur Dr.",1,0,N/A
"April 18, 2014",Nebraska,Hastings,"North Saunders Avenue",1,0,N/A
"April 18, 2014",Utah,Wellsville,"3616 West 2200 South",1,0,N/A
"April 13, 2014","North Carolina",Charlotte,"700 Glasgow Road",1,0,N/A
"April 12, 2014","South Carolina",Gaston,"Wild Bird Lane",1,1,N/A
"April 10, 2014",Ohio,Columbus,"Roswell Drive",1,0,N/A
"April 9, 2014",Indiana,"South Bend","Campeau and Frances",1,0,N/A
"April 6, 2014",Virginia,"Orange County","Matthews Mill Road",1,0,N/A
"April 5, 2014",Pennsylvania,Philadelphia,"3800 Wallace Street",1,0,N/A
"April 4, 2014",Georgia,Savannah,"1400 Church Street ",1,0,N/A
"April 4, 2014",Georgia,Waycross," 4900 Jana Lane",1,0,N/A
"April 3, 2014",Oklahoma,Bokoshe,"Buck Creek Road",1,0,N/A
"March 26, 2014",Missouri,"Saint Louis","3600  block of Tholozan Avenue",1,0,N/A
"March 21, 2014","South Carolina","Rock Hill","800 Idlewild Drive ",2,1,N/A
"March 12, 2014",Ohio,Kent,"695 Johnson Rd",1,0,N/A
"March 11, 2014",Oklahoma,"Broken Arrow","3500 block of East Aurora",1,0,N/A
"March 10, 2014",Texas,Eureka,"SE 3144",1,0,N/A
"March 5, 2014",Alabama,Mobile,"2600 block of Wealthy Street ",1,0,N/A
"March 5, 2014",California,Nuevo," 31000 block of Wolfskill Avenue",1,0,N/A
"March 1, 2014",Florida,Pensacola,"1500 block of Fairfield Dr",1,0,N/A
"March 1, 2014",Ohio,Cincinnati,"3600 block of Lasalle Av",1,0,N/A