"Incident Date",State,"City Or County",Address,"# Killed","# Injured",Operations
"November 26, 2016",Pennsylvania,Pittsburgh,"2100 block of Park Hill Drive",1,2,N/A
"November 25, 2016",Montana,Billings,"308 6th Avenue North",0,2,N/A
"November 25, 2016","New Jersey","Monroe Township","Poplar Lane",1,2,N/A
"November 24, 2016",Pennsylvania,Philadelphia,"3500 N 9th Street",0,1,N/A
"November 23, 2016",Oklahoma,"Oklahoma City","2400 block of East Madison Street",0,1,N/A
"November 22, 2016",Ohio,Columbus,"200 block of Dana Avenue",0,1,N/A
"November 22, 2016",Illinois,Chicago,"3541 South California",0,3,N/A
"November 22, 2016",California,"Los Angeles","1400 block of East 51st Street",1,3,N/A
"November 21, 2016",Florida,Pensacola,"49th Avenue",0,1,N/A
"November 20, 2016","New Jersey",Millville,"1701 East Broad Street",0,1,N/A
"November 17, 2016",Tennessee,Dyersburg,"160 Longfellow",1,7,N/A
"November 17, 2016",Alabama,Bessemer,"400 block of 30th Street",0,2,N/A
"November 16, 2016",Florida,Tampa,"404 North Hernandez Court",0,1,N/A
"November 16, 2016",Mississippi,"Marion (county)",N/A,0,1,N/A
"November 16, 2016",Louisiana,Bastrop,"320 Ogden Avenue",0,2,N/A
"November 15, 2016",Louisiana,"Baton Rouge","North Foster Drive",0,1,N/A
"November 14, 2016",Texas,Houston,"10445 Greens Crossing Boulevard",1,2,N/A
"November 13, 2016",Indiana,Indianapolis,"1606 E. 44th Street",0,2,N/A
"November 13, 2016",Missouri,"Saint Louis","2500 block of North Grand Boulevard",0,1,N/A
"November 12, 2016",California,Sacramento,"8600 block of Ardith Drive",1,5,N/A
"November 10, 2016","North Carolina","Bessemer City","200 block of New Moon Lane",0,1,N/A
"November 10, 2016","North Carolina",Charlotte,"12th Street and College Street",0,1,N/A
"November 10, 2016",Wisconsin,Antigo,N/A,0,1,N/A
"November 8, 2016",Alabama,"Birmingham (Hoover)","3267 Warringwood Drive",0,1,N/A
"November 8, 2016",Alabama,"Phenix City","2504 Stadium Drive",0,3,N/A
"November 7, 2016",Ohio,Columbus,"Cleveland Ave and Blake Ave",0,1,N/A
"November 6, 2016",Missouri,"Kansas City","1700 block of Concord Court",0,2,N/A
"November 6, 2016","North Dakota",Bismarck,"4000 Block of Trenton Drive",0,1,N/A
"November 6, 2016",Connecticut,Hartford,"247 Branford Street",0,1,N/A
"November 5, 2016",Maryland,Baltimore,"2800 block of Keyworth Avenue",1,2,N/A
"November 5, 2016",Massachusetts,Brockton,"Bartlett and Fuller",0,1,N/A
"November 5, 2016",Texas,"Fort Worth","4332 East Berry Street",0,1,N/A
"November 5, 2016","North Carolina",Gastonia,"1657 Quail Woods Rd",0,3,N/A
"November 5, 2016",Louisiana,"New Orleans","1400 block of Independence Street.",0,1,N/A
"November 4, 2016",Pennsylvania,Chester,"600 block of Central Avenue",0,2,N/A
"November 2, 2016",Oklahoma,"Oklahoma City (Del City)","2300 block of Mansfield Avenue",0,1,N/A
"October 31, 2016",Michigan,Clare,"503 Schoolcrest Avenue",0,2,N/A
"October 31, 2016",Oregon,"Sweet Home","1500 block of 47th Ave",0,2,N/A
"October 31, 2016",Ohio,Cleveland,"1700 block Harvard Ave",0,2,N/A
"October 29, 2016","North Carolina",Lincolnton,"Loop Rd",0,1,N/A
"October 28, 2016","North Carolina","Southern Pines","714 West Michigan Avenue",1,1,N/A
"October 28, 2016",Alabama,Birmingham,"4700 block of Second Avenue South",0,1,N/A
"October 23, 2016",Ohio,Columbus,"560 Columbian Avenue",0,1,N/A
"October 23, 2016",Louisiana,"New Orleans","1400 block of Alabo Street",0,1,N/A
"October 22, 2016",Ohio,"Cincinnati (Price Hill)","4700 block of Guerley Road",0,1,N/A
"October 21, 2016",Pennsylvania,Pittsburgh,"2400 block of Bedford Avenue",0,1,N/A
"October 21, 2016",Pennsylvania,"Mc Kees Rocks (McKees Rocks)","700 block of Russellwood Ave",1,1,N/A
"October 20, 2016",Louisiana,"New Orleans","6101 Tullis Drive",1,2,N/A
"October 19, 2016","New York",Bronx,"1260 Franklin Avenue",0,1,N/A
"October 19, 2016",Florida,Miami,"1298 Northeast 128th Street",0,3,N/A
"October 19, 2016",California,"Santa Ana","500 block of South Pacific Avenue",0,1,N/A
"October 19, 2016",California,Fresno,"1400 block of East Duff Avenue",0,1,N/A
"October 19, 2016",California,Reedley,"1400 block of East Duff Avenue",0,1,N/A
"October 17, 2016",Indiana,Elkhart,"311 East Carlton Avenue",0,2,N/A
"October 17, 2016",California,Fresno,"4136 North Thesta Street",0,1,N/A
"October 16, 2016",California,"Suisun City","1000 block of Canary Court",0,1,N/A
"October 16, 2016",Nevada,"Las Vegas","4200 block of Studio Street",0,1,N/A
"October 15, 2016",Massachusetts,Boston,"10 Winslow Street",0,1,N/A
"October 15, 2016",Connecticut,Enfield,"Ecology Drive",0,1,N/A
"October 15, 2016",Virginia,Richmond,"Redd and Coulter Street",0,2,N/A
"October 14, 2016",Georgia,Albany,"300 block of Vintage Road",0,1,N/A
"October 13, 2016",Texas,Dallas,"2302 South Second Avenue",0,1,N/A
"October 13, 2016",Michigan,"Twin Lake","300 block of East Calumet",0,1,N/A
"October 12, 2016",Ohio,Cleveland,"5902 Storer Ave",0,3,N/A
"October 9, 2016",Massachusetts,Boston,"Annunciation Road",0,1,N/A
"October 8, 2016",California,Petaluma,"Reynolds Drive",0,1,N/A
"October 7, 2016",Indiana,"Fort Wayne","Chadwick Drive and Richfield Lane",0,1,N/A
"October 5, 2016",Louisiana,"New Orleans","1400 block of Monroe Street",0,1,N/A
"October 5, 2016",Alaska,Anchorage,"4300 block of San Roberto Avenue",0,1,N/A
"October 4, 2016",Missouri,"Kansas City","415 Denver Avenue",0,1,N/A
"October 4, 2016",Virginia,"Campbell (county)","Marysville Road",0,1,N/A
"October 4, 2016",Mississippi,Canton,"619 Martin Luther King Dr N",0,1,N/A
"October 4, 2016",Ohio,Cleveland,"7300 block of Dudley Avenue",0,2,N/A
"October 3, 2016",Texas,"Fort Worth","1416 Meadowlane Terrace",0,1,N/A
"October 3, 2016",Florida,Jacksonville,"7915 Baymeadows Circle East",0,1,N/A
"October 2, 2016",Pennsylvania,Indiana,"Airport Road",0,1,N/A
"October 2, 2016",Tennessee,Memphis,"Range Line Road",0,1,N/A
"October 1, 2016",Texas,Kerrville,"West Schreiner Street and Paschal Street",0,1,N/A
"September 29, 2016",Missouri,"Saint Joseph","3400 block of South 16th Street",0,1,N/A
"September 28, 2016","South Carolina",Townville,"105 Townville School Road",2,2,N/A
"September 27, 2016",Georgia,Savannah,"Fahm and Zubley Street",0,2,N/A
"September 27, 2016",Indiana,"Etna Green","9900-block of West C.R. 575 North",0,1,N/A
"September 27, 2016",Alabama,Montgomery,"Garden Street",0,1,N/A
"September 26, 2016",Texas,Humble,"21219 Grand Linden Court",0,4,N/A
"September 25, 2016",Mississippi,Mccomb,"Highway 98 East",0,1,N/A
"September 25, 2016",Louisiana,Harvey,"Destrehan Avenue and River Road",0,1,N/A
"September 25, 2016",Illinois,Joliet,"East Washington and Richards",1,2,N/A
"September 24, 2016",Maryland,Baltimore,"Greenmount Avenue and Preston Street",0,8,N/A
"September 24, 2016",Louisiana,"New Orleans","2100 block of Arts Street",0,3,N/A
"September 21, 2016",Wisconsin,Milwaukee,"2700 block of N. 20th Street",0,1,N/A
"September 17, 2016",Illinois,Aurora,"Route 56 and Interstate 88",0,2,N/A
"September 17, 2016","District of Columbia",Washington,"2600 block of Birney Place SE",2,7,N/A
"September 16, 2016",Texas,Dallas,"9700 block of West Ferris Branch Boulevard",0,2,N/A
"September 16, 2016",California,Richmond,"200 MacDonald Ave",0,2,N/A
"September 16, 2016",Alabama,Auburn,"533 Willis Turk Road",0,1,N/A
"September 15, 2016",Texas,Amarillo,"2714 Southwest 34th Avenue",0,1,N/A
"September 13, 2016",Louisiana,"Gretna (Terrytown)","2148 Esplanade Place",0,1,N/A
"September 12, 2016",Texas,"Fort Worth","1200 block of Susan Avenue",0,1,N/A
"September 11, 2016",Georgia,Decatur,"3569 Larkspur Terrace",0,1,N/A
"September 11, 2016",Wisconsin,"Milwaukee (Glendale)",I-43,0,1,N/A
"September 10, 2016",Missouri,"Saint Louis","2800 block of Stoddard Street",0,1,N/A
"September 10, 2016",Ohio,Dayton,"West Riverview Avenue and Catalpa Drive",0,1,N/A
"September 7, 2016",Virginia,Hampton,"Seldendale Drive",0,1,N/A
"September 7, 2016",Missouri,"Saint Louis","St. Louis Avenue and Goodfellow Boulevard",0,1,N/A
"September 6, 2016",Texas,Terrell,"200 Bowser Cir",0,1,N/A
"September 6, 2016",Mississippi,Tupelo,"County Roads 1680 and 3571",0,2,N/A
"September 6, 2016",Tennessee,Louisville,"161 Manor Way",0,1,N/A
"September 5, 2016",Oklahoma,Enid,"300 block of South Seventh Street",0,1,N/A
"September 5, 2016",Utah,Logan,"454 N 400 E",0,1,N/A
"September 3, 2016",Connecticut,Bridgeport,"Anson and Salem Street",0,3,N/A
"September 3, 2016",Maryland,Baltimore,"900 block of McAleer Court",0,3,N/A
"September 2, 2016",Florida,Pensacola,"700 Truman Avenue",0,1,N/A
"September 1, 2016",Illinois,Rockford,"3100 block of Prial Avenue",0,1,N/A
"September 1, 2016","South Carolina",Columbia,"228 Meredith Square",1,2,N/A
"September 1, 2016",Illinois,Chicago,"4100 block of West Potomac",0,3,N/A
"August 31, 2016",Texas,"San Antonio","2700 block of East Houston Street",0,2,N/A
"August 31, 2016",Massachusetts,Abington,"159 Linwood Street",0,1,N/A
"August 31, 2016",Ohio,Urbana,"Dewey Avenue",0,1,N/A
"August 31, 2016",Arizona,Phoenix,"4013 W Yucca St",0,1,N/A
"August 30, 2016","New York","Johnson City","7 North Broad Street",0,1,N/A
"August 30, 2016",Georgia,Atlanta,"400 Merritts Avenue NE",0,4,N/A
"August 30, 2016",Tennessee,Nashville,"644 Glastonbury Rd",0,1,N/A
"August 29, 2016",Virginia,"Newport News","3000 block of Williams St",0,1,N/A
"August 28, 2016",Georgia,Atlanta,"900 New Town Cir SE",0,3,N/A
"August 28, 2016",Nevada,"Las Vegas","4800 block of White Aspen Ave",0,1,N/A
"August 28, 2016",Florida,"Port Richey","7300 block of Westcott Dr",0,1,N/A
"August 27, 2016",Alabama,"Bessemer (Brighton)","3810 7th Ave",1,6,N/A
"August 27, 2016",Louisiana,"New Orleans","4500 block of Shalimar Dr",0,2,N/A
"August 26, 2016","South Carolina","North Augusta","600 block of Hutchinson Drive",0,1,N/A
"August 25, 2016",Ohio,Cleveland,"East 69th Street and Union Avenue",0,1,N/A
"August 25, 2016","New York",Buffalo,"South Division Street",0,1,N/A
"August 25, 2016",Kansas,Lawrence,"500 block of Wisconsin Street",0,1,N/A
"August 24, 2016",Texas,Beaumont,"2674 Magnolia Avenue",0,1,N/A
"August 22, 2016",Pennsylvania,Chester,"1200 block of W 9th",0,1,N/A
"August 21, 2016",Georgia,Brunswick,"3901 US 17",2,1,N/A
"August 21, 2016",Illinois,Chicago,"1600 block of North Major Avenue",0,2,N/A
"August 20, 2016","New Jersey",Burlington,"York and E. Federal Streets",1,1,N/A
"August 20, 2016","South Carolina",Columbia,"2400 block of McKinley Road",0,1,N/A
"August 20, 2016","North Carolina",Durham,"600 block of Reservoir Street",0,3,N/A
"August 18, 2016",Missouri,"Kansas City","2600 East Gregory Boulevard",1,3,N/A
"August 18, 2016",Illinois,Peoria,"1300 block of South Arago Street",0,2,N/A
"August 18, 2016",Illinois,Harvey,"100 block of East 146th Street",0,1,N/A
"August 16, 2016",California,Bakersfield,"300 block of Donna Avenue",0,3,N/A
"August 16, 2016",Michigan,Detroit,"3600 block of Fairview",0,1,N/A
"August 14, 2016",Nebraska,Omaha,"34th and Meredith",0,1,N/A
"August 14, 2016",Illinois,Chicago,"12000 block of South Perry Avenue",0,1,N/A
"August 14, 2016",Texas,Dallas,"Ramona Avenue and East Ledbetter Drive",0,1,N/A
"August 11, 2016",Pennsylvania,Philadelphia,"500 block of East Ashmead Street",0,4,N/A
"August 11, 2016",Kentucky,Louisville,"1200 block of Brashear Dr",0,1,N/A
"August 11, 2016",Illinois,Chicago,"6800 block of South Calumet",1,1,N/A
"August 10, 2016",California,"San Francisco","Whitney Young Circle and Hudson Avenue",0,1,N/A
"August 10, 2016",Tennessee,Chattanooga,"200 block of Water Street",0,1,N/A
"August 9, 2016",Pennsylvania,Philadelphia,"6300 block of Woodstock Street",0,1,N/A
"August 9, 2016","South Carolina",Columbia,"3619 Falling Springs Road",0,1,N/A
"August 8, 2016","North Carolina","Roanoke Rapids","1800 block of Roanoke Avenue",0,1,N/A
"August 8, 2016",Illinois,Chicago,"3900 block of West Polk Street",0,1,N/A
"August 8, 2016",Texas,Houston,"16800 block of Ella Boulevard",0,1,N/A
"August 8, 2016",Virginia,"Newport News","700 block of 35th Street",0,2,N/A
"August 7, 2016","South Carolina",Charleston,"Lyttleton Avenue",1,1,N/A
"August 6, 2016",Pennsylvania,York,"250 South Penn Street",0,1,N/A
"August 6, 2016",Tennessee,Memphis,"West Essex Avenue",0,1,N/A
"August 3, 2016",Arkansas,Lonoke,"100 block of Highridge Drive",0,1,N/A
"August 2, 2016","South Carolina",Coward,"4312 Circle Drive",1,1,N/A
"August 1, 2016","South Carolina",Greenville,"Hillside Circle",0,1,N/A
"August 1, 2016",Florida,Miami,"Southwest 173rd Street and 103rd Avenue",0,1,N/A
"August 1, 2016",Maryland,Randallstown,"1 block of Sulky Court",1,1,N/A
"July 31, 2016",Pennsylvania,Philadelphia,"1300 block of E. Rittenhouse Street",0,1,N/A
"July 30, 2016","District of Columbia",Washington,"2500 block of Pomeroy Road, SE",0,1,N/A
"July 30, 2016",Mississippi,"Bay Saint Louis","800 block of Louis Piernas Drive",2,1,N/A
"July 29, 2016",Michigan,Flint,"2310 Martin Luther King Avenue",0,1,N/A
"July 28, 2016",Pennsylvania,Philadelphia,"3100 block of North Rosewood Street",0,1,N/A
"July 28, 2016",Ohio,Cleveland,"3300 block of Seymour Avenue",0,1,N/A
"July 28, 2016",Missouri,"Kansas City","2500 block of Independence Avenue",1,1,N/A
"July 28, 2016",Texas,Alvin,"4000 block of East Texas 6",0,1,N/A
"July 27, 2016",Florida,Gainesville,"820 Northwest 4th Place",1,2,N/A
"July 27, 2016",Florida,"Fort Lauderdale (Dania Beach)","W Dania Beach Blvd and SW 8th Ave",2,1,N/A
"July 26, 2016",Texas,Waco,"1700 block of Dallas St.",0,2,N/A
"July 26, 2016",California,Sacramento,"Fruitridge Road and Lawrence Drive",0,1,N/A
"July 25, 2016","New York",Dunkirk,"544 South Roberts Road",0,1,N/A
"July 25, 2016",Missouri,Ava,"507 Northeast 3rd Street",1,1,N/A
"July 24, 2016",Mississippi,Meridian,"107 71st Pl",0,1,N/A
"July 23, 2016",Michigan,"Muskegon (Muskegon Heights)","2500 block of Reynolds Street",0,1,N/A
"July 23, 2016",Florida,Miami,"3600 block of Northwest Second Street",2,1,N/A
"July 23, 2016",Texas,Bastrop,"202 Childers Drive",4,1,N/A
"July 22, 2016",California,Fresno,"East Saginaw Way and North Thorne Avenue",0,1,N/A
"July 20, 2016",Texas,"Texas City",N/A,0,1,N/A
"July 19, 2016",Illinois,"Chicago (Englewood)","6000 block of South Paulina Road",0,1,N/A
"July 18, 2016","North Carolina",Wilmington,"Seventh and Queen Streets",0,2,N/A
"July 17, 2016",Michigan,Detroit,"6000 block of Crane Street",0,1,N/A
"July 17, 2016",Ohio,Columbus,"2600 block of Kenview Road South",1,1,N/A
"July 16, 2016","New York",Yonkers,"175 Willow Street",0,2,N/A
"July 16, 2016",Texas,Lubbock,"2100 block of E 30th Street",0,3,N/A
"July 15, 2016",Ohio,Cleveland,"4100 block of East 146th Street",0,1,N/A
"July 14, 2016","North Carolina",Durham,"800 block of Underwood Avenue",0,1,N/A
"July 13, 2016",Ohio,Cincinnati,"5300 block of Whetsel Avenue",0,2,N/A
"July 11, 2016",Washington,Seattle,"7060 E Marginal Way S",0,1,N/A
"July 11, 2016",Kansas,Wichita,"Harry and Volutsia",0,3,N/A
"July 10, 2016",Florida,"Panama City","1722 West 17th Street",0,1,N/A
"July 10, 2016","North Carolina",Greenville,"503-B Battle Street",0,1,N/A
"July 8, 2016",Virginia,Norfolk,"Holt Street",0,1,N/A
"July 8, 2016",Minnesota,Minneapolis,"Lowry Avenue N. and Penn Avenue N.",1,1,N/A
"July 7, 2016",Virginia,Norfolk,"1100 block of Holt Street",0,1,N/A
"July 6, 2016",Illinois,"Chicago (Englewood)","5700 block of South Morgan",0,1,N/A
"July 6, 2016","North Carolina",Fayetteville,"3400 block of Cumberland Road",2,1,N/A
"July 5, 2016",Michigan,Detroit,"12800 block of Harper",0,1,N/A
"July 4, 2016",Oklahoma,Tulsa,"1875 S. Boulder Ave",0,2,N/A
"July 4, 2016",Illinois,"Chicago (Englewood)","5500 block of South Hermitage Avenue",0,4,N/A
"July 4, 2016",Ohio,Cleveland,"1400 block of W. 107 Street",0,4,N/A
"July 4, 2016",Illinois,Chicago,"2000 block of South Western Avenue",0,1,N/A
"July 4, 2016",Texas,Houston,"1300 block of Robin",3,2,N/A
"July 4, 2016",Michigan,Detroit,N/A,0,1,N/A
"July 4, 2016",Arizona,Phoenix,"4000 block of West Southern Avenue",2,6,N/A
"July 4, 2016",Michigan,Detroit,N/A,0,1,N/A
"July 3, 2016",Tennessee,Chattanooga,"2300 block of Daisy Street",0,4,N/A
"July 2, 2016",Indiana,Indianapolis,"2300 block of Magnolia Place",2,1,N/A
"July 1, 2016",Missouri,"Saint Louis","4700 block of Kossuth Avenue",0,2,N/A
"June 30, 2016",Michigan,"Grand Rapids","Leonard Street and Houseman Avenue",0,2,N/A
"June 29, 2016",Wisconsin,Milwaukee,"3800 block of W. Fairmount Ave.",0,2,N/A
"June 29, 2016",Georgia,Columbus,"215 4th St.",0,1,N/A
"June 29, 2016","New York",Buffalo,"Humason Avenue",0,2,N/A
"June 29, 2016",Idaho,Nampa,"5875 E Franklin Rd",0,1,N/A
"June 28, 2016",Illinois,Chicago,"6400 block of South King Drive",0,2,N/A
"June 26, 2016",Texas,Houston,"6000 block of Elm Street",1,3,N/A
"June 26, 2016","North Carolina",Henderson,N/A,0,2,N/A
"June 25, 2016",Ohio,Cleveland,"3578 W 120th Street",0,1,N/A
"June 24, 2016",Arizona,Williams,"233 North Grand Canyon Boulevard",0,1,N/A
"June 21, 2016",Florida,"Altamonte Springs","Terrace Lane",0,3,N/A
"June 19, 2016",Missouri,"Kansas City","35th Street and Norton Avenue",0,1,N/A
"June 19, 2016",Arkansas,"Cotton Plant",N/A,0,1,N/A
"June 19, 2016",Illinois,Chicago,"6100 block of South Kimbark Avenue",0,1,N/A
"June 18, 2016",Missouri,"Saint Louis","E. Grand and Blair",0,1,N/A
"June 17, 2016",Arkansas,Texarkana,"6000 block of Summerwood Lane",0,1,N/A
"June 15, 2016",Mississippi,Meridian,"45th Ave. and 3rd Street",0,1,N/A
"June 14, 2016",California,Manteca,"300 block of Lincoln Court",0,1,N/A
"June 14, 2016",Missouri,"Saint Louis","Kingshighway and Lillian",0,1,N/A
"June 13, 2016",Illinois,Peoria,"1400 block of South Arago Street",0,1,N/A
"June 10, 2016",California,"Los Angeles (Boyle Heights)","Chicago Street and Rogers Avenue",0,1,N/A
"June 10, 2016",Illinois,Chicago,"6700 block of South Artesian",0,2,N/A
"June 9, 2016",Massachusetts,Springfield,"Belmont and Euclid Avenue",0,2,N/A
"June 9, 2016",Tennessee,Memphis,"500 block of Jacklyn Avenue",0,1,N/A
"June 8, 2016",Georgia,Augusta,"3600 block of Old McDuffie Road",0,1,N/A
"June 7, 2016",Tennessee,Lawrenceburg,N/A,0,1,N/A
"June 7, 2016",Pennsylvania,Chester,"400 block of Whittington Place",0,1,N/A
"June 7, 2016",Illinois,"North Chicago","13th Street and Victoria Avenue",0,2,N/A
"June 7, 2016",Kansas,Wichita,"700 block of S Fountain",0,1,N/A
"June 7, 2016",Michigan,Redford,"Winston Street",0,1,N/A
"June 7, 2016",Michigan,"Redford Twp (Redford Charter Township)","15000 block of Winston",0,1,N/A
"June 7, 2016",Oregon,Glide,"Idleyld Park",0,1,N/A
"June 6, 2016",Arkansas,"Little Rock","6900 Cantrell Road",1,2,N/A
"June 6, 2016",Illinois,Chicago,"2100 block of North Bingham Street",0,1,N/A
"June 5, 2016",Florida,"Cape Coral","2600 block of Skyline Boulevard S",3,3,N/A
"June 5, 2016",Missouri,Florissant,"4200 block of Cloverfield Trail",0,1,N/A
"June 4, 2016",Alabama,Eufaula,"600 block of Stevens St",1,3,N/A
"May 29, 2016",Ohio,Sandusky,"219 Center Street",0,1,N/A
"May 28, 2016",Texas,Lubbock,"300 block of Waco",0,2,N/A
"May 27, 2016",Ohio,Cleveland,"1700 block of North Taylor Road",0,2,N/A
"May 26, 2016",Georgia,Atlanta,"500 Park Valley Dr NW",0,2,N/A
"May 23, 2016","North Carolina",Shelby,"Toms Street",0,1,N/A
"May 22, 2016",Alabama,Birmingham,"Five Mile Road",0,2,N/A
"May 21, 2016",Colorado,Denver,"1800 block of West Mississippi Avenue",0,1,N/A
"May 18, 2016",Texas,Houston,"9560 Deering Drive",0,3,N/A
"May 17, 2016",Texas,Beaumont,"Pipkin Street",0,1,N/A
"May 15, 2016",Tennessee,Memphis,"1400 block of Dewees Drive",0,1,N/A
"May 14, 2016","District of Columbia",Washington,"2525 12th Pl SE",0,1,N/A
"May 14, 2016",Louisiana,"Baton Rouge","4000 block of Denham Street",0,1,N/A
"May 14, 2016",Florida,"Avon Park","Fred Connor Street",0,2,N/A
"May 13, 2016",Ohio,Cleveland,"7900 block of Golden Avenue",0,1,N/A
"May 12, 2016","North Carolina",Asheville,"Ira Jones School Road and Otarri Road",1,1,N/A
"May 11, 2016","South Carolina",Columbia,"4300 block of Mellowood Dr",0,1,N/A
"May 11, 2016",Alabama,Birmingham,"1400 block of 21st Street N",1,4,N/A
"May 11, 2016",Ohio,Columbus,"East 13th Avenue",0,1,N/A
"May 10, 2016",Georgia,Decatur,"3841 Kensington Road",0,3,N/A
"May 8, 2016",Michigan,Detroit,"17600 block of Faust",0,1,N/A
"May 7, 2016",Tennessee,Smyrna,"4000 block of Snowbird Drive",0,1,N/A
"May 5, 2016",Minnesota,Minneapolis,"1600 block of Plymouth Avenue",0,1,N/A
"May 5, 2016",Nevada,"North Las Vegas","3901 North Martin Luther King  Boulevard",2,2,N/A
"May 4, 2016",Alabama,"Mount Vernon","2300 block of Red Fox Road",0,2,N/A
"May 3, 2016",Florida,Orlando,"1300 block of 22nd Street",0,1,N/A
"May 2, 2016",Missouri,"Saint Louis (St Louis)","I-70 and Grand Ave",0,1,N/A
"April 29, 2016",Georgia,Augusta,"3904  Wrightsboro Road",0,1,N/A
"April 29, 2016",Georgia,Savannah,"12000 block of Middleground Road",0,1,N/A
"April 29, 2016",Missouri,"Saint Louis (Ferguson)","400 block of Dade Ave",0,4,N/A
"April 29, 2016",Tennessee,Lebanon,"300 block of Dandelion Drive",0,1,N/A
"April 28, 2016","New Mexico","Rio Rancho","21st Street",0,1,N/A
"April 27, 2016",Nebraska,Omaha,"7441 N. 34th Street",0,1,N/A
"April 27, 2016",Michigan,Gladwin,N/A,0,1,N/A
"April 27, 2016",Arizona,Tucson,"Campbell Ave. and Bilby Road",0,1,N/A
"April 25, 2016",Georgia,"Saint Marys","100 Mary Powell Dr R155",1,1,N/A
"April 23, 2016",Missouri,"Kansas City","51st Street and Walrond Avenue",0,1,N/A
"April 23, 2016",Michigan,Detroit,"18300 block of Monica",1,1,N/A
"April 20, 2016",Nevada,"Las Vegas","Spring Mountain Road and Decatur Boulevard",0,1,N/A
"April 20, 2016",Illinois,Chicago,"1500 block of South Trumbull",0,1,N/A
"April 18, 2016",Wisconsin,Milwaukee,"300 block of North Richards Street",0,2,N/A
"April 17, 2016",Tennessee,Memphis,"McLemore Avenue and Third Street",0,1,N/A
"April 17, 2016",Michigan,Flint,"1900 block of Greenbrook Lane",0,2,N/A
"April 17, 2016","North Carolina","Lewiston Woodville (Lewiston)",N/A,0,1,N/A
"April 17, 2016",California,Lodi,"400 block of North Church Street",0,1,N/A
"April 16, 2016",Missouri,"Saint Louis","5400 block of Oriole",0,1,N/A
"April 15, 2016",Illinois,Chicago,"5400 block of West LeMoyne Avenue",0,1,N/A
"April 14, 2016",Mississippi,Meridian,"351 60th Avenue",0,2,N/A
"April 13, 2016",Mississippi,Jackson,"1850 Chadwick Dr",0,1,N/A
"April 10, 2016",Mississippi,"Pontotoc (county)","Walder Road",0,1,N/A
"April 9, 2016",Ohio,Youngstown,"355 East Boston Avenue",0,1,N/A
"April 9, 2016",Texas,"San Antonio","100 block of Pima",0,1,N/A
"April 8, 2016","District of Columbia",Washington,"2400 block of Hartford Street SE",0,1,N/A
"April 7, 2016",Pennsylvania,Philadelphia,"1500 block of South 32nd Street",0,1,N/A
"April 7, 2016",Michigan,Detroit,"3900 block of West Vernor Highway",0,1,N/A
"April 6, 2016","District of Columbia",Washington,"5800 block of Foote Street NE",0,1,N/A
"April 5, 2016",Maryland,Edgewater,N/A,0,1,N/A
"April 4, 2016","North Carolina",Rutherfordton,"Hope Drive",0,1,N/A
"April 3, 2016",Florida,"Lehigh Acres","4204 25th St SW",0,1,N/A
"April 2, 2016",Alabama,"Birmingham (Ensley)","Warrior Road",0,2,N/A
"April 2, 2016",Texas,Tyler,"3200 block of Chandler Hwy",0,2,N/A
"April 1, 2016",Tennessee,Memphis,"Wooddale Avenue and Boxdale Street",0,1,N/A
"March 28, 2016",Illinois,Chicago,"7600 block of South St. Lawrence Avenue",0,1,N/A
"March 27, 2016","New York",Syracuse,"300 block of Tioga Street",1,1,N/A
"March 26, 2016",Maryland,Dundalk,"7300 block of School Avenue",0,2,N/A
"March 25, 2016",California,Concord,"2900 block of La Salle Drive",0,1,N/A
"March 25, 2016",Tennessee,Memphis,"3400 block of Winchester",0,1,N/A
"March 25, 2016",Texas,"San Angelo","5751 Green Hill Road",0,1,N/A
"March 24, 2016",Alabama,Birmingham,"7700 block of 2nd Avenue South",0,1,N/A
"March 23, 2016",Kentucky,Louisville,"600 block of South 10th Street",0,1,N/A
"March 22, 2016",Texas,"La Marque","300 block of Poplar",0,2,N/A
"March 21, 2016",Georgia,Lithonia,"2859 Panola Road",0,1,N/A
"March 15, 2016",Missouri,"Saint Louis","Pleasant Street and Bailey Avenue",0,1,N/A
"March 15, 2016",Oklahoma,"Oklahoma City","7550 N.W. 10th Street",0,1,N/A
"March 12, 2016",Georgia,Lawrenceville,"Cannonball Court",0,1,N/A
"March 12, 2016",Florida,"Fort Mc Coy (Fort McCoy)","1501 NE 231 Avenue",0,6,N/A
"March 10, 2016",Wyoming,Cheyenne,"5000 Ogallala Place",0,1,N/A
"March 10, 2016",Florida,"Saint Petersburg (St Petersburg)","1200 block of 10 Avenue South",0,2,N/A
"March 8, 2016",Ohio,Sandusky,"1500 block of Columbus Ave",0,1,N/A
"March 8, 2016",California,Watsonville,"300 block of Ford Street",0,1,N/A
"March 7, 2016",Ohio,Lorain,"1900 block of G Street",0,1,N/A
"March 7, 2016",California,Sacramento,"7600 block of Countryfield Drive",0,1,N/A
"March 6, 2016","New York",Brooklyn,N/A,0,1,N/A
"March 5, 2016",Texas,"La Marque","2222 Cedar Drive",0,1,N/A
"March 4, 2016",Ohio,Columbus,"Duxberry Avenue",0,1,N/A
"March 4, 2016",Ohio,Columbus,"900 E. 5th Ave.",1,3,N/A
"March 3, 2016",Kentucky,"Hickory (Viola)","Kentucky 408 East",0,1,N/A
"March 1, 2016",Tennessee,Nashville,"1500 block of Porter Road",0,3,N/A
"February 29, 2016","New Jersey",Paterson,"43 Rosa Parks Boulevard",0,1,N/A
"February 29, 2016","South Carolina",Spartanburg,"340 Rowe St.",0,1,N/A
"February 28, 2016",Virginia,Portsmouth,"4200 block of Moregate Lane",0,1,N/A
"February 28, 2016",Virginia,Portsmouth,"700 block of Lancer Drive",0,1,N/A
"February 27, 2016","New York",Buffalo,N/A,0,2,N/A
"February 27, 2016",California,"Mc Farland",N/A,0,2,N/A
"February 24, 2016","North Carolina",Goldsboro,"500 block of Stadium Drive",0,1,N/A
"February 23, 2016",Florida,Sanford,N/A,0,1,N/A
"February 21, 2016",Texas,Houston,"5100 block of Idaho Street",0,5,N/A
"February 20, 2016",Michigan,Detroit,"16000 block of Mark Twain Street",0,1,N/A
"February 20, 2016",Illinois,"Chicago (Englewood)","5600 block of South Wolcott",0,1,N/A
"February 19, 2016","New York",Newburgh,"Liberty Street and Benkard Avenue",0,1,N/A
"February 19, 2016",Alabama,Fairfield,"7201 Aaron Aronov Drive",0,3,N/A
"February 19, 2016",California,Vallejo,"509 Porter Street",1,3,N/A
"February 17, 2016",Virginia,Suffolk,"200 block of Jonathans Way",0,1,N/A
"February 16, 2016","North Carolina",Durham,"Great Bend Drive and Lime Street",0,1,N/A
"February 14, 2016","North Carolina",Knightdale,"200 block of Colchester Drive",0,1,N/A
"February 14, 2016",Mississippi,Canton,N/A,0,2,N/A
"February 13, 2016",Illinois,Chicago,"3100 block of West 64th Street",0,1,N/A
"February 12, 2016","District of Columbia",Washington,"1005 8th Street SE",0,2,N/A
"February 11, 2016",Illinois,Chicago,"3700 block of West Chicago",0,2,N/A
"February 11, 2016",Virginia,Alexandria,"4000 block of Morris Street",0,1,N/A
"February 8, 2016",Georgia,"Walton (county)",N/A,0,1,N/A
"February 6, 2016","District of Columbia",Washington,"5400 block of Georgia Avenue NW",0,2,N/A
"February 6, 2016",Texas,Forney,"17437 Adams Trail",0,1,N/A
"February 5, 2016",Texas,Temple,"5200 block of Indian Springs Drive",0,1,N/A
"February 4, 2016",Texas,"Temple (Moffatt)","5200 block of Indian Springs Road",0,1,N/A
"February 2, 2016",Pennsylvania,Mckeesport,"1600 block Evans Avenue",0,2,N/A
"February 2, 2016",Missouri,"Saint Louis","3900 block of S Grand Blvd",0,1,N/A
"January 30, 2016","New Jersey",Newark,"100 block of Sunset Street",0,1,N/A
"January 29, 2016",Virginia,Woodford,"14395 Jefferson Davis Highway",2,2,N/A
"January 27, 2016",Maryland,Waldorf,"3300 block of Patapsco Place",0,1,N/A
"January 27, 2016",Texas,Brownsville,"900 block of Ruben Torres Boulevard",0,1,N/A
"January 26, 2016",Louisiana,"New Orleans (Algiers)","300 block of Huntlee Drive",0,1,N/A
"January 25, 2016","New York",Jamestown,"411 East 2nd Street",0,1,N/A
"January 23, 2016",Indiana,"South Bend","2700 block of East Edison Road",0,1,N/A
"January 23, 2016","South Carolina","Anderson (county)","Crooked Creek Court",0,1,N/A
"January 22, 2016",Nevada,"Las Vegas","3600 Las Vegas Boulevard South",0,1,N/A
"January 18, 2016",Missouri,Grandview,N/A,0,1,N/A
"January 18, 2016",Florida,"Fort Myers","Dr. Martin Luther King Jr. and Veronica S Shoemaker Boulevard",0,1,N/A
"January 15, 2016",Virginia,Abingdon,N/A,0,1,N/A
"January 15, 2016",Maryland,Baltimore,"5330 Frankford Avenue",0,1,N/A
"January 12, 2016",Georgia,Atlanta,"1504 Bouldercrest Road",0,1,N/A
"January 10, 2016","New York","Orchard Park","Sandpiper Court",0,1,N/A
"January 8, 2016",Tennessee,Kingsport,"2005 Michelham Drive",0,1,N/A
"January 8, 2016",Texas,Carlsbad,"11000 block of Midland",0,1,N/A
"January 4, 2016",Mississippi,Jackson,"Keele Street",0,2,N/A
"January 4, 2016",Tennessee,Memphis,"1400 block of Briercrest Lane",2,1,N/A
"January 4, 2016",Georgia,Lagrange,"64 North Cary Street",0,1,N/A
"January 4, 2016",Florida,"Saint Cloud","2900 block of Michigan Avenue",0,1,N/A
"January 3, 2016",Illinois,"Granite City","4700 block of Warnock Avenue",0,1,N/A
"January 3, 2016",Iowa,Dubuque,"942 Main Street",0,1,N/A
"January 3, 2016",Texas,Spring,"30706 Eastridge Drive",0,1,N/A
"January 3, 2016",Alabama,Talladega,"West Street",0,1,N/A
"January 1, 2016",Florida,Orlando,"800 block of South Kirkman Road",0,1,N/A
"December 29, 2015",Texas,"San Antonio","4611 East Houston Street",0,1,N/A
"December 27, 2015",Michigan,Detroit,"1600 block of Steel Street",1,1,N/A
"December 27, 2015",Arizona,Yuma,"Arizona Avenue",0,2,N/A
"December 27, 2015",Maryland,Baltimore,"1200 block of W. North Ave.",0,3,N/A
"December 27, 2015","New Jersey",Newark,"Morris and Springfield Avenue",0,2,N/A
"December 26, 2015",Virginia,"Newport News","400 block of West 27th Street",0,1,N/A
"December 26, 2015",Michigan,Gowen,"Riverview Dr",1,1,N/A
"December 26, 2015",Michigan,"Kent (county)","Lincoln Lake Avenue",1,1,N/A
"December 26, 2015","New Jersey","Jersey City","Harrison and Bergen Street",0,1,N/A
"December 25, 2015",Oregon,Molalla,"30700 block of S Marian St",0,1,N/A
"December 25, 2015",Florida,Jacksonville,"Franklin and Odessa",0,4,N/A
"December 24, 2015","North Carolina","Franklin (Watauga)","123 Old Chigger Trail",0,1,N/A
"December 24, 2015",Ohio,Dayton,"1716 N Gettysburg Ave",0,1,N/A
"December 24, 2015",Texas,"Fort Worth (Watauga)","123 Old Chigger Trail",0,1,N/A
"December 21, 2015",Pennsylvania,Reading,"Muhlenberg and Maple streets",0,1,N/A
"December 20, 2015",Illinois,Cairo,"Cedar Street",0,1,N/A
"December 19, 2015",California,"San Diego","3800 block of Caminito Aguilar",0,1,N/A
"December 19, 2015",California,"San Diego","3884 Caminito Aguilar",0,1,N/A
"December 19, 2015",Texas,Houston,"10633 Strickland",0,1,N/A
"December 16, 2015",Illinois,Chicago,"1000 block of North Leamington Avenue",0,1,N/A
"December 15, 2015",Ohio,Columbus,"1900 block of South 9th Street",0,1,N/A
"December 15, 2015",Missouri,Imperial,"5400 block of Lakewood Terrace",0,1,N/A
"December 14, 2015",Pennsylvania,Philadelphia,"700 block of W. Luzerne Street",0,1,N/A
"December 14, 2015",Ohio,Toledo,"2100 block of Alvin Street",0,1,N/A
"December 12, 2015",Alaska,Anchorage,"4000 block of Wispen Circle",0,1,N/A
"December 12, 2015",Illinois,Chicago,"5900 block of South Calumet Avenue",0,1,N/A
"December 11, 2015",Pennsylvania,"Pittsburgh (Mount Oliver)","200 block of  Brownsville Road",0,4,N/A
"December 10, 2015",Iowa,Davenport,"600 block of E. 14th Street",0,1,N/A
"December 9, 2015",Oklahoma,Tulsa,"East 46th Street North and North Lewis Ave",0,3,N/A
"December 8, 2015",Georgia,Atlanta,"2727 Godby Road",0,1,N/A
"December 8, 2015",Georgia,Jesup,"1282 Sunset Boulevard",0,2,N/A
"December 6, 2015",Louisiana,"New Orleans","7300 block of Brevard Street",0,1,N/A
"December 6, 2015",Georgia,Conyers,"Frontier Drive",0,1,N/A
"December 5, 2015",Georgia,Atlanta,"2051 Flat Shoals Road SE",0,1,N/A
"December 5, 2015",Ohio,Dayton,"600 block of Hulbert Avenue",0,1,N/A
"December 3, 2015",Ohio,Columbus,"700 block of Kelton Avenue",0,1,N/A
"December 2, 2015",Ohio,Columbus,N/A,0,1,N/A
"December 1, 2015",Oklahoma,Tulsa,"4950 S. Mingo Road",0,1,N/A
"November 30, 2015",Tennessee,Nashville,"84 Whitsett Road",0,1,N/A
"November 29, 2015",Washington,Everett,"12400 block of Admiralty Way",0,1,N/A
"November 26, 2015",Ohio,Baltic,"102 Baltic Haus Drive",0,1,N/A
"November 24, 2015","North Carolina",Raleigh,"4204 Ferriday Court",0,1,N/A
"November 24, 2015",Ohio,Northwood,"314 W. Andrus Road",1,1,N/A
"November 22, 2015",Louisiana,"New Orleans","1900 block of Gallier Street",0,17,N/A
"November 20, 2015",Texas,Waco,N/A,1,1,N/A
"November 19, 2015",Minnesota,Minneapolis,"1500 block of Plymouth Avenue",0,2,N/A
"November 19, 2015",Texas,"Lubbock (county)",N/A,0,1,N/A
"November 18, 2015",California,Fresno,"California Avenue and Martin Luther King Jr. Boulevard",0,5,N/A
"November 17, 2015",California,Richmond,"200 block of South 37th Street",0,2,N/A
"November 16, 2015",Texas,Laredo,N/A,0,1,N/A
"November 16, 2015",Texas,Laredo,"800 block of George Road",0,1,N/A
"November 16, 2015",Virginia,Richmond,"300 block of Red Ash Drive",1,2,N/A
"November 15, 2015",California,Stockton,"100 block of East First Street",0,1,N/A
"November 12, 2015",Texas,Houston,"Antoine and Beltway 8 North",0,1,N/A
"November 12, 2015",Illinois,Chicago,"9000 block of South Bishop",0,1,N/A
"November 12, 2015",Georgia,Albany,"700 block of Mobile Avenue",0,1,N/A
"November 12, 2015",Texas,"Harris (county)",N/A,0,1,N/A
"November 11, 2015",Texas,Houston,"W. Little York",0,1,N/A
"November 8, 2015","North Carolina",Brunswick,"Mill Pond Road",0,1,N/A
"November 7, 2015",Georgia,Waycross,"600 block of Owens Street",1,2,N/A
"November 6, 2015",Michigan,Troy,"2105 South Blvd W",0,1,N/A
"November 6, 2015","New Jersey",Plainfield,"West 3rd Street and Evona Avenue",1,2,N/A
"November 4, 2015","New Jersey","Asbury Park","Springwood and Atkins Avenue",0,2,N/A
"November 1, 2015",Illinois,Chicago,"7600 block of South Parnell Avenue",0,1,N/A
"October 31, 2015",California,Stockton,"Swain Road and Tam O’ Shanter Drive",0,2,N/A
"October 30, 2015",Arizona,Phoenix,"18th Street and Baseline Road",0,1,N/A
"October 30, 2015","New Mexico",Espanola,"1911 Avenida Canada",0,1,N/A
"October 29, 2015",Florida,"Fort Myers","3600 block of Seminole Avenue",0,1,N/A
"October 28, 2015",Ohio,Cleveland,"6600 block of Bliss Avenue",0,1,N/A
"October 28, 2015",California,"San Jose","1900 block of Almaden Road",0,2,N/A
"October 25, 2015",Florida,Orlando,"4614 Alrix Drive",0,2,N/A
"October 24, 2015",Pennsylvania,Erie,"2057 Charleston Ave",0,1,N/A
"October 24, 2015",Florida,"Cape Coral","1518 Northeast 43rd Lane",1,2,N/A
"October 24, 2015",Arkansas,"Forrest City",N/A,0,1,N/A
"October 24, 2015",Texas,Mission,"4600 block of Sorita Street",0,1,N/A
"October 23, 2015",Texas,"San Antonio","Canterbury Drive",0,1,N/A
"October 23, 2015",Florida,Bartow,"Hunt Road",0,1,N/A
"October 22, 2015",Georgia,"Warner Robins","508 Diggs Boulevard",0,1,N/A
"October 21, 2015",Wisconsin,Milwaukee,"77th and Villard",0,1,N/A
"October 20, 2015",Louisiana,"Lake Charles","400 block of Scott Street",0,2,N/A
"October 19, 2015",Florida,"Lehigh Acres","South Alabama Road",0,1,N/A
"October 19, 2015",Georgia,Rhine,"Oak Grove Church Road",0,1,N/A
"October 18, 2015",Illinois,Chicago,"3500 block of East 97th Street",0,1,N/A
"October 17, 2015",California,"Panorama City","Wakefield Avenue and Osborne Street",0,1,N/A
"October 12, 2015",Georgia,Decatur,"4731 Glenwood Road",0,4,N/A
"October 12, 2015",Georgia,Pendergrass,N/A,0,1,N/A
"October 11, 2015",Missouri,"Kansas City","8400 block of East 93rd Terrace",0,1,N/A
"October 10, 2015",Alabama,Tuscaloosa,"13000 block of North Rosser Road",0,1,N/A
"October 5, 2015",Delaware,Wilmington,"Bennett and East Eighth streets",0,1,N/A
"October 4, 2015",Maryland,Baltimore,"3500 block of Old York Road",0,1,N/A
"October 3, 2015",Florida,"West Palm Beach","200 block of W 29th St",0,1,N/A
"October 2, 2015",Oklahoma,Tulsa,"1600 block of N. Lewis Avenue",0,3,N/A
"October 1, 2015",Oregon,Roseburg,"1140 Umpqua College Rd",10,9,N/A
"September 30, 2015","New Mexico","Las Cruces","2230 Dona Ana Road",0,1,N/A
"September 30, 2015",Tennessee,Memphis,"4300 block of Graceland",0,1,N/A
"September 29, 2015",Illinois,Chicago,"7000 block of South Harper Avenue",0,1,N/A
"September 28, 2015",Ohio,"Cincinnati (Evanston)","1800 block of Hewitt Avenue",0,5,N/A
"September 28, 2015",Illinois,Chicago,"5300 block of South Aberdeen Street",2,3,N/A
"September 28, 2015",Pennsylvania,Philadelphia,"5000 block of Boudinot Street",0,3,N/A
"September 27, 2015",Illinois,Chicago,"1400 block of East 66th Place",0,3,N/A
"September 27, 2015",Florida,"Belle Glade","400 block of Southwest D Road",0,1,N/A
"September 27, 2015",Missouri,Malden,"600 block of North Kimball",0,3,N/A
"September 25, 2015",Texas,Houston,"6500 block of Narcissus",1,1,N/A
"September 24, 2015",Michigan,"Battle Creek","120 block of Greentree Boulevard",0,1,N/A
"September 24, 2015",Oregon,Dallas,"2000 block of Mistletoe Road",0,1,N/A