"Incident Date",State,"City Or County",Address,"# Killed","# Injured",Operations
"November 26, 2016",Florida,Hudson,"7031 Oakley Avenue",0,1,N/A
"November 25, 2016",Montana,Billings,"308 6th Avenue North",0,2,N/A
"November 25, 2016",Arizona,Tucson,"5850 East Broadway Blvd",0,1,N/A
"November 25, 2016",California,"San Diego","4333 Home Avenue",0,2,N/A
"November 24, 2016",Pennsylvania,Philadelphia,"3500 N 9th Street",0,1,N/A
"November 24, 2016",Ohio,Springfield,"2106 Erie Avenue",0,1,N/A
"November 24, 2016","New York",Syracuse,"100 block of Walnut Street",1,1,N/A
"November 24, 2016","New York",Glenmont,"Smultz Road",0,1,N/A
"November 24, 2016",Tennessee,Greeneville,"315 Midway Circle",0,1,N/A
"November 24, 2016",Kentucky,Georgetown,"1001 Cherry Blossom Way",0,1,N/A
"November 24, 2016",Connecticut,"New London","2 Tinker Court",0,1,N/A
"November 23, 2016",Alabama,Tuscaloosa,"5501 Old Montgomery Highway",0,1,N/A
"November 23, 2016",Kentucky,Hardyville,"507 North Jackson Highway",0,1,N/A
"November 23, 2016",Delaware,Newark,"100 block of South Patrice Drive",0,2,N/A
"November 22, 2016",Mississippi,Ridgeland,"1018 Highland Colony Pkwy #300",0,1,N/A
"November 22, 2016",Ohio,Columbus,"200 block of Dana Avenue",0,1,N/A
"November 22, 2016",Arizona,Chandler,"Germann Road and Alma School Road",0,2,N/A
"November 21, 2016",Florida,Pensacola,"49th Avenue",0,1,N/A
"November 20, 2016",Oregon,Roseburg,"17000 block of North Bank Road",0,1,N/A
"November 20, 2016",Florida,"Vero Beach","962 14th Ln",0,1,N/A
"November 20, 2016",Indiana,Woodburn,"2400 block of River Road",0,1,N/A
"November 20, 2016",Alabama,Mobile,"3200 Pleasant Valley Rd",0,1,N/A
"November 20, 2016",Nebraska,Omaha,"1875 S 75th St",0,1,N/A
"November 20, 2016",Pennsylvania,Chicora,"800 block of Seven Hills Road",0,1,N/A
"November 19, 2016",Illinois,"Pembroke Township","13500E block of 2000S Road",0,1,N/A
"November 19, 2016","North Carolina",Raleigh,"1025 Blue Ridge Road",0,1,N/A
"November 18, 2016",Tennessee,Greeneville,"9300 block of Horton Highway",0,1,N/A
"November 17, 2016",Ohio,"Tipp City","480 Ginghamsburg Rd",0,1,N/A
"November 17, 2016",Idaho,Nampa,"16802 Nash Lane",0,1,N/A
"November 16, 2016",Illinois,Chicago,"8000 block of South Stony Island Avenue",0,1,N/A
"November 16, 2016",Kentucky,Madisonville,"Highway 41-A",0,1,N/A
"November 16, 2016",Florida,Loxahatchee,"11800 block of Seminole Pratt Whitney Road",0,1,N/A
"November 16, 2016",Mississippi,"Marion (county)",N/A,0,1,N/A
"November 16, 2016","North Carolina",Charlotte,"1000 block of State St",0,1,N/A
"November 15, 2016",Ohio,Cleveland,"West 43rd Street and Clark Avenue",0,1,N/A
"November 15, 2016",Louisiana,"Baton Rouge","North Foster Drive",0,1,N/A
"November 15, 2016",Texas,Austin,"3100 Block of Powell Lane",0,1,N/A
"November 15, 2016",Michigan,"Alcona (county)",N/A,0,1,N/A
"November 15, 2016",Maine,"Hollis Center","490 River Road",0,1,N/A
"November 14, 2016",Utah,Orem,N/A,0,2,N/A
"November 14, 2016",Minnesota,Laporte,"Osprey Drive",0,1,N/A
"November 14, 2016",Indiana,Shelbyville,N/A,0,1,N/A
"November 13, 2016",Indiana,Indianapolis,"1606 E. 44th Street",0,2,N/A
"November 13, 2016",Ohio,Woodville,N/A,0,1,N/A
"November 13, 2016",Vermont,Vershire,"Reed Rd",0,1,N/A
"November 13, 2016",Massachusetts,Framingham,"31 Dennison Avenue",0,1,N/A
"November 13, 2016",Oregon,Lebanon,"36400 block of Gore Drive",0,1,N/A
"November 13, 2016","North Carolina",Rockwell,"Jennifer's Lane",0,1,N/A
"November 13, 2016",Indiana,Vevay,"Ashland Cove Road",0,1,N/A
"November 13, 2016",Iowa,Afton,N/A,0,0,N/A
"November 13, 2016","New Jersey",Paterson,"Fair Street",0,1,N/A
"November 13, 2016",Mississippi,Meridian,"1600 block of 20th Street",0,1,N/A
"November 12, 2016",Ohio,Cleveland,"2900 block of East 97th Street",0,1,N/A
"November 12, 2016",Michigan,"Grand Rapids","Griggs Street",0,1,N/A
"November 12, 2016",Minnesota,"Douglas (county)",N/A,0,1,N/A
"November 12, 2016",Connecticut,Branford,"624 West Main Street",0,1,N/A
"November 12, 2016",Massachusetts,"Buzzards Bay","199 MacArthur Blvd",0,1,N/A
"November 11, 2016","New Jersey",Newark,"New Jersey Turnpike",0,1,N/A
"November 11, 2016",Wisconsin,"Oconto (county)",N/A,0,1,N/A
"November 11, 2016",Virginia,"Albemarle (county)",N/A,0,1,N/A
"November 11, 2016",Alabama,Decatur,"115 6th Ave NE",0,1,N/A
"November 11, 2016",Michigan,Auburn,"500 W Midland Rd",0,1,N/A
"November 11, 2016",Missouri,"Saint Louis","3622 Page Boulevard",0,1,N/A
"November 11, 2016",Utah,Mendon,"2500 South and 5900 West",0,1,N/A
"November 11, 2016","North Carolina",Fayetteville,"100 Block of Circle Court",0,1,N/A
"November 10, 2016",Kentucky,Lexington,"4000 block of Airport Road",0,1,N/A
"November 10, 2016","North Carolina",Charlotte,"600 block of Reeves Court",0,1,N/A
"November 10, 2016",Iowa,"Madison (county)","1500 block of North River Trail",0,1,N/A
"November 10, 2016","North Carolina","Bessemer City","200 block of New Moon Lane",0,1,N/A
"November 10, 2016",Wisconsin,Antigo,N/A,0,1,N/A
"November 9, 2016",Indiana,Bloomington,"Patterson Drive and West Third Street",0,1,N/A
"November 9, 2016","New York",Riverhead,"West Main Street",0,1,N/A
"November 9, 2016",Indiana,Lebanon,"1905 Indianapolis Avenue",0,1,N/A
"November 9, 2016",Alaska,"Thorne Bay",N/A,0,1,N/A
"November 8, 2016",Alabama,"Birmingham (Hoover)","3267 Warringwood Drive",0,1,N/A
"November 8, 2016",Nevada,"Las Vegas","2800 block of Taurus Court",0,1,N/A
"November 7, 2016",Tennessee,Greeneville,"95 Honey Hill Road",0,1,N/A
"November 7, 2016","North Carolina",Goldsboro,N/A,0,1,N/A
"November 6, 2016",Missouri,"Kansas City","1700 block of Concord Court",0,2,N/A
"November 6, 2016",Virginia,Richmond,"4300 block of Grove Avenue",0,1,N/A
"November 6, 2016",Michigan,"Wexford (county)",N/A,0,1,N/A
"November 6, 2016",Indiana,"Posey (county)","River Road",0,2,N/A
"November 6, 2016",Louisiana,Lafayette,"900 block of East Simcoe Street",0,1,N/A
"November 6, 2016","North Dakota",Bismarck,"4000 Block of Trenton Drive",0,1,N/A
"November 6, 2016",Alaska,Anchorage,"333 W 4th Avenue",0,1,N/A
"November 6, 2016",Kentucky,Madisonville,"Highway 41-A",0,1,N/A
"November 5, 2016",Georgia,Jonesboro,"10000 block of Fitzgerald Road",0,1,N/A
"November 5, 2016","New Hampshire",Manchester,"134 Amory Street",0,2,N/A
"November 5, 2016","North Carolina",Burlington,"5612 Mt. Vernon Church Road",0,1,N/A
"November 5, 2016",Minnesota,"Pelican Rapids (Cormorant)","130th Avenue",0,1,N/A
"November 5, 2016",Arizona,Phoenix,"55th Avenue and Clarendon",0,1,N/A
"November 5, 2016",Louisiana,"New Orleans","1400 block of Independence Street.",0,1,N/A
"November 4, 2016",California,Venice,"Ocean Front Walk and Rose Avenue",0,1,N/A
"November 4, 2016",California,Fresno,"East Church and South Gearhart Avenues",0,1,N/A
"November 4, 2016",Idaho,Pocatello,"West Eldredge Road",0,1,N/A
"November 4, 2016",Pennsylvania,Lancaster,"600 block of N. Franklin Street",0,1,N/A
"November 3, 2016",Mississippi,Hazlehurst,"Nelson Drive",0,1,N/A
"November 3, 2016","District of Columbia",Washington,"2500 block of Horse Stable Lane NW",0,1,N/A
"November 3, 2016",Virginia,Grottoes,"100 block of Strickley Road",0,1,N/A
"November 3, 2016",Maine,Springfield,N/A,0,1,N/A
"November 2, 2016","South Carolina",Anderson,"653 SC 28 B",0,1,N/A
"November 2, 2016",Arkansas,Farmington,"263 Countryside Drive",0,1,N/A
"November 2, 2016",Oklahoma,"Oklahoma City (Del City)","2300 block of Mansfield Avenue",0,1,N/A
"November 2, 2016","South Carolina",Aiken,"Barway Drive",0,1,N/A
"November 2, 2016",Idaho,"Idaho Falls (Ammon)","1800 block of Eagle Drive",0,1,N/A
"November 2, 2016",Maine,Phippsburg,"Route 209",0,1,N/A
"November 2, 2016",Alaska,"Thorne Bay",N/A,0,1,N/A
"November 1, 2016",Washington,Lakewood,"10600 Block of Douglas Drive SW",0,1,N/A
"November 1, 2016",Washington,Amboy,"12000 block of Northeast Grantham Road",0,1,N/A
"October 31, 2016",Pennsylvania,Lebanon,"302 E Weidman Street",0,1,N/A
"October 31, 2016",Michigan,Clare,"503 Schoolcrest Avenue",0,2,N/A
"October 31, 2016",Oregon,"Sweet Home","1500 block of 47th Ave",0,2,N/A
"October 31, 2016",Louisiana,"New Orleans","200 block of Newton Street",0,1,N/A
"October 30, 2016",Ohio,Fairborn,"400 block of Forest Street",0,1,N/A
"October 30, 2016",Montana,Roundup,N/A,0,1,N/A
"October 30, 2016",Georgia,Augusta,"3450 Wrightsboro Rd",0,1,N/A
"October 30, 2016",Louisiana,"Plain Dealing",N/A,0,1,N/A
"October 29, 2016","North Carolina",Lincolnton,"Loop Rd",0,1,N/A
"October 29, 2016",Indiana,"West Terre Haute","North 6th Street",0,1,N/A
"October 29, 2016",Tennessee,Elizabethton,"500 block of Laurel Road",0,1,N/A
"October 29, 2016",Washington,Tacoma,"East 36th and East J street",0,1,N/A
"October 28, 2016",Alabama,Birmingham,"4700 block of Second Avenue South",0,1,N/A
"October 28, 2016",Nevada,"Las Vegas","1810 S Rainbow Blvd",0,1,N/A
"October 28, 2016","Rhode Island",Providence,"Marconi St",0,1,N/A
"October 28, 2016","West Virginia",Hedgesville,"Durham Drive",0,1,N/A
"October 27, 2016",Wisconsin,Racine,"1200 block of Marquette Street",0,1,N/A
"October 27, 2016",Indiana,Leesburg,"EMS T13 Lane",0,1,N/A
"October 27, 2016","North Carolina",Asheville,"Charlie Arthur Lane",0,1,N/A
"October 27, 2016",Mississippi,Jackson,"Rosehaven Drive",0,1,N/A
"October 26, 2016",Ohio,Columbus,"Berkeley Road and East Deshler Avenue",0,1,N/A
"October 26, 2016",Ohio,Zanesville,"507 Imlay Avenue",0,1,N/A
"October 26, 2016",Alabama,"Cullman (county)","County Road 1603",0,1,N/A
"October 26, 2016",Florida,"Palm Coast","Chinook Court",0,1,N/A
"October 26, 2016",Florida,"Pinellas Park","7600 block of 62nd Way",0,1,N/A
"October 26, 2016","South Carolina",Burton,"120 Shanklin Road",0,1,N/A
"October 25, 2016",Michigan,"Pennfield Township","22000 block of East Avenue North",0,1,N/A
"October 25, 2016",Texas,"San Antonio","3805 Farm Road",0,1,N/A
"October 25, 2016","West Virginia",Huntington,"1531 6th Avenue",0,1,N/A
"October 25, 2016",California,"Santa Rosa","Linda Lane",0,1,N/A
"October 25, 2016",Tennessee,Greeneville,"620 Oregon Trail Road",0,1,N/A
"October 24, 2016",Georgia,Dawsonville,"795 Ga. 400",0,1,N/A
"October 24, 2016",Iowa,Davenport,"2100 block Division Street",0,1,N/A
"October 24, 2016",Florida,"Fort Pierce","5880 Okeechobee Road",0,1,N/A
"October 24, 2016","South Carolina","Beaufort (Ladys Island)","Hill Road",0,1,N/A
"October 24, 2016",Kansas,Topeka,"Interstate 70",0,1,N/A
"October 23, 2016",Colorado,Holyoke,"22736 cr 29",0,1,N/A
"October 23, 2016","North Dakota","Morton (county)",N/A,0,1,N/A
"October 23, 2016","New York",Bergen,"Buffalo Road",0,1,N/A
"October 23, 2016",Ohio,Greenville,"3600 block of U.S. 127",0,1,N/A
"October 22, 2016",Maine,"New Sharon","236 Starks Road",0,1,N/A
"October 22, 2016",Ohio,"Cincinnati (Price Hill)","4700 block of Guerley Road",0,1,N/A
"October 22, 2016",Massachusetts,Haverhill,"Arlington Street",0,1,N/A
"October 22, 2016",Ohio,Cleveland,"East 131st",0,2,N/A
"October 21, 2016",Michigan,"Big Rapids","21400 Perry Avenue",0,1,N/A
"October 21, 2016",Texas,"College Station","Central Park Lane",0,1,N/A
"October 21, 2016",Nevada,"Las Vegas","1700 block of Rock Springs Drive",0,2,N/A
"October 20, 2016","North Carolina",Randleman,"1021 High Point St",0,1,N/A
"October 20, 2016",Texas,"Kaufman (county)","Calvert Road",0,1,N/A
"October 20, 2016",Kentucky,Lexington,"975 Red Mile Rd",0,2,N/A
"October 20, 2016",Illinois,"Du Quoin","North Vine Street",0,2,N/A
"October 20, 2016",Texas,Killeen,"1300 block of East Avenue H",0,1,N/A
"October 17, 2016",California,Orange,"1900-B W Katella Avenue",0,1,N/A
"October 17, 2016",Indiana,"Terre Haute","25th and Lafayette",0,1,N/A
"October 17, 2016",Iowa,Denison,N/A,0,1,N/A
"October 17, 2016",Arizona,Kingman,"3800 block of East Devlin Avenue",0,1,N/A
"October 17, 2016",Arizona,Tucson,"6700 block of West Copperwood Way",0,1,N/A
"October 17, 2016",Indiana,Elkhart,"311 East Carlton Avenue",0,2,N/A
"October 16, 2016",California,"Suisun City","1000 block of Canary Court",0,1,N/A
"October 16, 2016",Ohio,"Dayton (Trotwood)","100 block of Crown Avenue",0,1,N/A
"October 16, 2016",Kansas,"Cowley (county)","22000 block of 12th Road",0,1,N/A
"October 16, 2016",Pennsylvania,"Jersey Mills (Pine Creek)","Sulgar Road",0,1,N/A
"October 16, 2016","North Dakota",Abercrombie,N/A,0,1,N/A
"October 16, 2016",Nevada,"Las Vegas","4200 block of Studio Street",0,1,N/A
"October 15, 2016",Connecticut,Enfield,"Ecology Drive",0,1,N/A
"October 15, 2016",Arkansas,"Drew (county)",N/A,0,1,N/A
"October 15, 2016",Illinois,Chicago,"4800 block of West Congress",0,1,N/A
"October 15, 2016",Minnesota,"Saint Cloud","Wilson Avenue",0,1,N/A
"October 15, 2016",Michigan,"Midland (county)",N/A,0,1,N/A
"October 15, 2016",Minnesota,"Saint Paul","Bellows and Baker Street W.",0,1,N/A
"October 14, 2016",Indiana,Franklin,"1700 block of 125W",0,1,N/A
"October 14, 2016",Illinois,Freeport,"1100 block of South State Ave",0,1,N/A
"October 14, 2016",Tennessee,Chattanooga,"Timber Knoll Drive",0,1,N/A
"October 13, 2016",Michigan,"Twin Lake","300 block of East Calumet",0,1,N/A
"October 12, 2016",Colorado,"Grand Junction","1600 North Avenue",0,1,N/A
"October 12, 2016",Kentucky,Louisville,"5600 block of Rustic Way",0,1,N/A
"October 12, 2016",Arizona,Peoria,"7522 W Deer Valley Rd",0,2,N/A
"October 12, 2016",Florida,Deltona,"Buccaneer Avenue",0,1,N/A
"October 12, 2016",Maryland,Baltimore,"1000 block of Bethune Avenue",0,1,N/A
"October 11, 2016","New York",Hilton,"629 Moul Road",0,1,N/A
"October 11, 2016",Virginia,Martinsville,"730 E Church St",0,3,N/A
"October 11, 2016",Illinois,Chicago,"2800 block of South Central Park",0,1,N/A
"October 9, 2016",Arizona,Phoenix,"16th and Washington",0,1,N/A
"October 9, 2016",Virginia,Lynchburg,"1000 Misty Mountain Rd.",0,1,N/A
"October 9, 2016","New York","Corona (Queens)","95th Avenue and 120 Street",0,1,N/A
"October 9, 2016",Iowa,Oskaloosa,"208 3rd Ave East",0,1,N/A
"October 8, 2016",Missouri,"Saint Louis","1253 Hampton Avenue",0,1,N/A
"October 8, 2016",California,Petaluma,"Reynolds Drive",0,1,N/A
"October 8, 2016",Texas,Denison,"400 block of Gun Club Road",0,1,N/A
"October 8, 2016",California,Ventura,"1300 block of East Santa Clara Street",0,1,N/A
"October 8, 2016",Georgia,Auburn,"Wages Road",0,1,N/A
"October 8, 2016",Texas,Odessa,"3700 block of Andrews Highway",0,1,N/A
"October 7, 2016",Arizona,"Prescott Valley","East Horizon Lane",0,1,N/A
"October 7, 2016",Missouri,Troy,"600 block of Wilhoit Court",0,1,N/A
"October 7, 2016",California,Norwalk,"10600 Firestone Boulevard",0,1,N/A
"October 6, 2016","West Virginia",Wheeling,"South Park Street",0,1,N/A
"October 5, 2016",Connecticut,Hartford,"Judson Street",0,1,N/A
"October 5, 2016",Louisiana,"West Monroe","Velma Drive",0,1,N/A
"October 5, 2016","North Dakota",Enderlin,N/A,0,1,N/A
"October 5, 2016",Oregon,"Douglas (county)",N/A,0,1,N/A
"October 4, 2016",Tennessee,Nashville,"1400 block of 16th Avenue North",0,1,N/A
"October 4, 2016",Iowa,"Storm Lake","1726 Lake Ave North",0,1,N/A
"October 4, 2016",Virginia,"Campbell (county)","Marysville Road",0,1,N/A
"October 4, 2016",Florida,Immokalee,"300 block of South Seventh Street",0,1,N/A
"October 3, 2016",Texas,"Fort Worth","1416 Meadowlane Terrace",0,1,N/A
"October 3, 2016",Minnesota,Willmar,"2101 15th Avenue NW",0,1,N/A
"October 3, 2016",Florida,Jacksonville,"7915 Baymeadows Circle East",0,1,N/A
"October 3, 2016",Louisiana,Lafayette,"Louisiana Avenue",0,1,N/A
"October 3, 2016",Michigan,"Goodells (Wales Township)","600 block of Mayer Road",0,1,N/A
"October 3, 2016",Michigan,"Goodells (Wales Township)",N/A,0,1,N/A
"October 2, 2016","New York","Staten Island","6 Cannon Blvd.",1,0,N/A
"October 2, 2016",Florida,"North Fort Myers","11831 Bayshore Rd",0,2,N/A
"October 2, 2016",Tennessee,Memphis,"3400 block of Dupre Street",0,1,N/A
"October 2, 2016",Ohio,Cleveland,"12700 block of Larchmere Avenue.",0,1,N/A
"October 2, 2016",Pennsylvania,Indiana,"Airport Road",0,1,N/A
"October 1, 2016","North Carolina",Eden,"365 E. Harris Place",0,1,N/A
"October 1, 2016",Texas,"Wichita Falls","1300 7th St",0,3,N/A
"October 1, 2016",Ohio,"Dayton (Huber Heights)","Shore Drive",0,1,N/A
"October 1, 2016",Ohio,Lima,"4251 Reservoir Road",0,1,N/A
"October 1, 2016",Idaho,"Soda Springs",N/A,0,1,N/A
"September 30, 2016",Pennsylvania,Lancaster,"700 block of East Fulton Street",0,1,N/A
"September 29, 2016","South Carolina",Greenville,"1040-A Woodruff Rd",0,2,N/A
"September 29, 2016",Tennessee,Dandridge,"2341 Lower Rhinehart Road",0,1,N/A
"September 29, 2016",Missouri,"Saint Joseph","3400 block of South 16th Street",0,1,N/A
"September 28, 2016",Nevada,"Las Vegas",N/A,0,1,N/A
"September 28, 2016",Texas,"San Antonio","Corinne Drive",0,1,N/A
"September 28, 2016",Tennessee,Nashville,"7000 block of Riverbend Road",0,1,N/A
"September 28, 2016",Oklahoma,Tulsa,"1000 block of N. Winston",0,1,N/A
"September 28, 2016","South Carolina","Richland (county)","1212 Metze Road",0,2,N/A
"September 28, 2016",Virginia,Richmond,"201 W. Marshall Street",0,1,N/A
"September 28, 2016","West Virginia",Belington,N/A,0,1,N/A
"September 27, 2016",Indiana,"Etna Green","9900-block of West C.R. 575 North",0,1,N/A
"September 26, 2016",California,"Lemon Grove",N/A,0,1,N/A
"September 26, 2016",Iowa,Newton,N/A,0,1,N/A
"September 26, 2016",Washington,Chehalis,"1400 block of Northwest Louisiana Avenue",0,1,N/A
"September 26, 2016",Kentucky,Lexington,"3500 block of Gunbow Court",0,1,N/A
"September 26, 2016",Georgia,Norcross,"1400 block of Wingfoot Way",0,1,N/A
"September 25, 2016",Oklahoma,Miami,N/A,0,1,N/A
"September 25, 2016",Mississippi,Mccomb,"Highway 98 East",0,1,N/A
"September 25, 2016",Illinois,Chicago,"8000 block of South Yates Avenue",0,1,N/A
"September 25, 2016",Louisiana,Harvey,"Destrehan Avenue and River Road",0,1,N/A
"September 25, 2016",Tennessee,"Nashville (Donelson)","209 Blue Hills Drive",0,1,N/A
"September 24, 2016",Utah,Sandy,"9575 S State St",0,2,N/A
"September 24, 2016",Kansas,Topeka,"6200 block of SW 6th Avenue",0,1,N/A
"September 24, 2016",Tennessee,Memphis,"3300 block of Henry Avenue",0,1,N/A
"September 24, 2016",Nebraska,Omaha,"16th and Castelar Street",0,1,N/A
"September 23, 2016",Indiana,"South Bend","2700 block of South Michigan Street",0,1,N/A
"September 23, 2016",Colorado,Berthoud,"1000 block of 7th Street Court",0,0,N/A
"September 22, 2016",Florida,Titusville,"400 block of Darden Avenue",0,1,N/A
"September 21, 2016",Kentucky,Lexington,"1300 block of Dix Drive",0,1,N/A
"September 21, 2016",Kentucky,Louisville,"3900 block of Shelbyville Road",0,1,N/A
"September 21, 2016",Illinois,"Chicago (Englewood)","5500 block of South Bishop Street",0,1,N/A
"September 21, 2016",Wisconsin,Milwaukee,"2700 block of N. 20th Street",0,1,N/A
"September 20, 2016","North Carolina",Wilmington,"15th and Castle Streets",0,1,N/A
"September 20, 2016",Nebraska,Omaha,N/A,0,1,N/A
"September 20, 2016",Ohio,Cleveland,"Ansel Road and Edmunds Avenue",0,1,N/A
"September 20, 2016",Massachusetts,Lawrence,"South Boylston Street",0,1,N/A
"September 20, 2016",Indiana,"New Castle",N/A,0,1,N/A
"September 19, 2016",Nebraska,Bennington,"North 156th and Pawnee Road",0,1,N/A
"September 19, 2016",Indiana,Indianapolis,"6300 block of West Thompson Road",0,1,N/A
"September 19, 2016",Pennsylvania,Washington,"200 block of North Avenue",0,1,N/A
"September 18, 2016",Massachusetts,"South Hadley","55 Alvord Street",0,1,N/A
"September 18, 2016",Texas,"College Station","401 Anderson Street",1,1,N/A
"September 18, 2016",Washington,Bellingham,"500 block of Mulberry Road",0,1,N/A
"September 18, 2016",Texas,Pasadena,"5690 Fairmont Pkwy",0,1,N/A
"September 17, 2016","New York","Rochester (Greece)","Hill Drive",0,1,N/A
"September 17, 2016",Utah,Draper,"338 W. Inauguration Rd.",0,1,N/A
"September 16, 2016",Texas,"Harris (county)",N/A,0,1,N/A
"September 16, 2016",Georgia,"Morgan (county)","Hawkins Avenue",0,1,N/A
"September 15, 2016",Tennessee,Greeneville,"335 Wild Rye Lane",0,1,N/A
"September 15, 2016",Maryland,Hagerstown,N/A,0,1,N/A
"September 15, 2016",Florida,"Miami (Kendall)","12325 Southwest 151st Street",0,1,N/A
"September 15, 2016",Georgia,Springfield,"E. Fourth Street",0,1,N/A
"September 15, 2016",Wisconsin,Milwaukee,"7878 N 60th Street",0,1,N/A
"September 15, 2016",California,Fresno,"2500 block of Fairmont",0,1,N/A
"September 15, 2016",Utah,"Salt Lake City","2100 South and 200 East",0,1,N/A
"September 14, 2016",Missouri,"Saint Louis","6402 Plymouth Avenue",0,1,N/A
"September 13, 2016",Louisiana,"Gretna (Terrytown)","2148 Esplanade Place",0,1,N/A
"September 13, 2016",Georgia,Jackson,N/A,0,2,N/A
"September 13, 2016",Louisiana,"La Place (Laplace)","100 block of Oak Arbor Place",1,0,N/A
"September 13, 2016",Illinois,Chicago,"1000 block of West Belmont Avenue",0,1,N/A
"September 12, 2016",Texas,"Fort Worth","1200 block of Susan Avenue",0,1,N/A
"September 12, 2016",Tennessee,Heiskell,"I 75 and E. Raccoon Valley Rd",0,1,N/A
"September 12, 2016",Nebraska,Lincoln,"U.S. 77 and Davey Road",0,1,N/A
"September 11, 2016",Georgia,Decatur,"3569 Larkspur Terrace",0,1,N/A
"September 11, 2016",Tennessee,"Roan Mountain","203 Tower Road",0,1,N/A
"September 11, 2016",Georgia,"Troup (county)","Old School Road",0,0,N/A
"September 10, 2016",Missouri,"Saint Louis","2800 block of Stoddard Street",0,1,N/A
"September 10, 2016","North Carolina","Wake Forest","942 Durham Road",0,1,N/A
"September 9, 2016",Tennessee,Clarksville,"Lincoln Drive",0,1,N/A
"September 9, 2016",Florida,"Saint Petersburg (St Petersburg)","Freemont Terrace and 29th Street",0,1,N/A
"September 9, 2016",Louisiana,"New Orleans","1400 block of Annunciation Street",0,1,N/A
"September 9, 2016",Georgia,Rincon,"Blue Jay Road",0,1,N/A
"September 8, 2016",Tennessee,"Hamilton (county)","Holder Drive",0,1,N/A
"September 8, 2016",Texas,Alpine,"704 West Sul Ross Avenue",1,2,N/A
"September 8, 2016",Tennessee,Nashville,"Wildgrove Court",0,1,N/A
"September 8, 2016",Illinois,Chicago,"6500 block of South Maplewood Avenue",0,1,N/A
"September 8, 2016",Illinois,Evanston,"1043 Dodge Avenue",0,1,N/A
"September 7, 2016",Florida,"Saint Augustine","1955 A1A S",0,2,N/A
"September 7, 2016",Wisconsin,Nokomis,N/A,0,2,N/A
"September 6, 2016",Massachusetts,Lawrence,"11 South Boylston Street",0,1,N/A
"September 6, 2016",Texas,Terrell,"200 Bowser Cir",0,1,N/A
"September 6, 2016",Arizona,"Golden Valley",N/A,0,1,N/A
"September 6, 2016",Mississippi,Tupelo,"County Roads 1680 and 3571",0,2,N/A
"September 6, 2016",Arkansas,"Forrest City",N/A,0,2,N/A
"September 6, 2016",Tennessee,Louisville,"161 Manor Way",0,1,N/A
"September 5, 2016",Georgia,"Mcdonough (McDonough)","696 Hennepin Terrace",0,1,N/A
"September 5, 2016",Kentucky,Lexington,"Augusta Drive",0,1,N/A
"September 5, 2016",Nebraska,Schuyler,N/A,0,1,N/A
"September 5, 2016",Utah,Logan,"454 N 400 E",0,1,N/A
"September 4, 2016",California,"Morongo Valley",N/A,0,1,N/A
"September 4, 2016",Texas,"Fort Worth","9317 South Fwy",0,1,N/A
"September 3, 2016",Missouri,"Kansas City (Raytown)","5900 block of Raytown Road",0,1,N/A
"September 3, 2016","New York","Blossvale (Vienna)",N/A,0,1,N/A
"September 3, 2016",Ohio,Curtice,N/A,0,1,N/A
"September 3, 2016",Alabama,Selma,N/A,0,2,N/A
"September 3, 2016",Idaho,Dubois,N/A,0,1,N/A
"September 2, 2016",California,Fresno,"East Ventura Avenue and South Hazlewood Boulevard",0,1,N/A
"September 2, 2016",Florida,Pensacola,"700 Truman Avenue",0,1,N/A
"September 1, 2016","South Carolina","Hilton Head Island","Fishermans Bend Court",0,1,N/A
"September 1, 2016","South Carolina",Columbia,"228 Meredith Square",1,2,N/A
"September 1, 2016",Indiana,"Bartholomew (county)",N/A,0,1,N/A
"August 31, 2016",Oregon,Corvallis,"1600 block of Southeast Crystal Lake Drive",0,0,N/A
"August 31, 2016","New Hampshire",Lebanon,"20 Spencer Street",0,1,N/A
"August 31, 2016",Massachusetts,Abington,"159 Linwood Street",0,1,N/A
"August 31, 2016",Florida,"Boynton Beach","600 block of Northeast 2nd Street",0,1,N/A
"August 31, 2016",Texas,Childress,"U.S. Highway 287",0,1,N/A
"August 31, 2016",Michigan,Eastpointe,"21030 Gratiot Ave",0,1,N/A
"August 31, 2016",Ohio,Solon,"28560 Miles Road",0,1,N/A
"August 31, 2016",Arizona,Phoenix,"4013 W Yucca St",0,1,N/A
"August 31, 2016","North Carolina",Denton,"Hilltop Lane",0,1,N/A
"August 31, 2016",Ohio,"New Carlisle","103 S. Church St.",0,1,N/A
"August 30, 2016",Kentucky,Henderson,"Holiday Court",0,1,N/A
"August 30, 2016","New York",Ilion,"225 Ostego Street",1,1,N/A
"August 30, 2016",Nevada,"Las Vegas","5111 Boulder Hwy",0,1,N/A
"August 30, 2016",Michigan,Westland,"2600 block of Christine",0,1,N/A
"August 30, 2016",Illinois,"Chicago (Englewood)","600 block of West 61st Place",0,1,N/A
"August 30, 2016",Michigan,Southfield,"20000 block of Lahser Road",0,1,N/A
"August 30, 2016",Kentucky,Lexington,"175 North Locust Hill Dr",0,1,N/A
"August 30, 2016",Tennessee,Nashville,"644 Glastonbury Rd",0,1,N/A
"August 30, 2016",Iowa,"Carter Lake","North 11th St and Ave O",0,1,N/A
"August 29, 2016",Delaware,Wilmington,"500 block of W Sixth St",0,1,N/A
"August 29, 2016",Pennsylvania,Philadelphia,"2100 block of South Etting Terr",0,2,N/A
"August 29, 2016",Florida,"Fort Myers","2418 Colonial Blvd",0,1,N/A
"August 29, 2016",Tennessee,Chattanooga,"4300 Founders Way",0,1,N/A
"August 29, 2016",Indiana,Elkhart,"Prairie Street and Lusher Avenue",0,1,N/A
"August 28, 2016",Kentucky,Louisville,"1100 block of Euclid Ave",0,1,N/A
"August 28, 2016",Georgia,Atlanta,"900 New Town Cir SE",0,3,N/A
"August 28, 2016",Nevada,"Las Vegas","4800 block of White Aspen Ave",0,1,N/A
"August 28, 2016",Kansas,Hutchinson,"300 block of East 11th Ave",0,1,N/A
"August 28, 2016",Georgia,Savannah,"1400 block of New Jersey St",0,1,N/A
"August 27, 2016",Illinois,Carbondale,N/A,0,1,N/A
"August 27, 2016","New York",Bronx,"960 E 165 St",0,2,N/A
"August 27, 2016",Illinois,Chicago,"600 block of East Illinois St",0,1,N/A
"August 27, 2016","New Jersey",Trenton,"500 block of Roosevelt Street",1,1,N/A
"August 27, 2016",Missouri,"Kansas City","5500 block of Wabash Avenue",0,1,N/A
"August 26, 2016",Illinois,Chicago,"6200 block of N Ridge Ave",0,1,N/A
"August 26, 2016",Tennessee,Murfreesboro,"400 block of Shoshone Pl",0,1,N/A
"August 26, 2016",Pennsylvania,Pittsburgh,"1200 block of Lincoln Avenue",0,1,N/A
"August 25, 2016",Illinois,Chicago,"5800 block of West Giddings Street",0,1,N/A
"August 25, 2016",Kansas,Lawrence,"500 block of Wisconsin Street",0,1,N/A
"August 24, 2016",Texas,"Childress (county)","US 287",0,1,N/A
"August 24, 2016",Tennessee,Paris,"Depot Street",0,1,N/A
"August 22, 2016",Illinois,"Chicago (Englewood)","7100 block of South Normal",0,1,N/A
"August 21, 2016",Washington,Everett,"12100 block of Andrew Sater Road",0,1,N/A
"August 21, 2016",Missouri,"Saint Joseph (St Joseph)","30th and Patee Street",0,1,N/A
"August 21, 2016",Texas,Dallas,"3500 block of Indianola Street",0,1,N/A
"August 21, 2016","New York","Westhampton Beach","1040 North Perimeter Road",0,1,N/A
"August 21, 2016",Tennessee,"Chattanooga (East Ridge)","500 block of Frawley Road",0,2,N/A
"August 20, 2016",Washington,Spokane,"1702 South Grand Boulevard",0,1,N/A
"August 19, 2016",Missouri,Springfield,"3154 W Chestnut Expy",0,1,N/A
"August 19, 2016",Michigan,Detroit,"Glastonbury Ave",0,1,N/A
"August 19, 2016","New Jersey",Newark,"Lyons Avenue",0,1,N/A
"August 19, 2016","North Carolina","Rocky Mount","Crabapple Lane",0,1,N/A
"August 19, 2016",Pennsylvania,Lancaster,"North Street",0,1,N/A
"August 18, 2016",California,"Lake Elsinore","16500 block of Badalona Street",0,1,N/A
"August 18, 2016",Illinois,Harvey,"100 block of East 146th Street",0,1,N/A
"August 17, 2016",Alaska,Petersburg,N/A,0,1,N/A
"August 17, 2016","South Carolina",Orangeburg,"Prestige Court",0,1,N/A
"August 17, 2016","North Carolina","Holly Springs","404 Village Walk Drive",0,1,N/A
"August 17, 2016",Missouri,Portland,N/A,0,1,N/A
"August 17, 2016",Illinois,Joliet,"900 block of Rosalind Street",0,1,N/A
"August 16, 2016",Maine,"Bangor (Hermon)","Swan Road",0,1,N/A
"August 16, 2016",Texas,Amarillo,"4215 Canyon Drive",0,1,N/A
"August 15, 2016",Indiana,"Michigan City","1107 Wabash St",0,1,N/A
"August 15, 2016",Louisiana,"Baton Rouge","9003 Greenwell Springs Road",0,1,N/A
"August 14, 2016",Pennsylvania,Erie,"200 block of W 20th St",0,1,N/A
"August 13, 2016",Arizona,Tempe,"McClintock Drive and Alameda Road",0,1,N/A
"August 13, 2016","West Virginia",Charleston,"Veazy Street and Washington Street East",0,1,N/A
"August 12, 2016",Texas,"Corpus Christi","4300 block of Leopard Street",0,1,N/A
"August 12, 2016",Washington,"Lake Stevens","13600 block of 12th Street Northeast",0,1,N/A
"August 12, 2016",Florida,Hialeah,"2201 West Okeechobee Road",0,1,N/A
"August 12, 2016",Florida,"Martin (county)","1500 block of Southwest Legacy Cove Circle",0,1,N/A
"August 11, 2016",Missouri,"Saint Ann","Lucas and Hunt Road and West Florissant Avenue",0,1,N/A
"August 11, 2016",Kentucky,Louisville,"1200 block of Brashear Dr",0,1,N/A
"August 11, 2016",Illinois,"Winnebago (county)","Sunset Avenue and Auburn Street",0,1,N/A
"August 10, 2016",Pennsylvania,Saylorsburg,"1974 Merlot Drive",0,1,N/A
"August 10, 2016",Connecticut,Hartford,"Chester Street",0,1,N/A
"August 10, 2016",Ohio,Frankfort,"Second Street",0,1,N/A
"August 9, 2016",Maryland,Towson,"2001 Dulaney Valley Road",0,1,N/A
"August 9, 2016",Virginia,Hampton,"Mallory Street and Ambrose Lane",0,1,N/A
"August 9, 2016",Pennsylvania,Harrisburg,"2600 Woodlawn Street",0,1,N/A
"August 8, 2016",Iowa,Waterloo,N/A,0,1,N/A
"August 8, 2016",Massachusetts,Barnstable,"Hyannis Road",0,1,N/A
"August 8, 2016","North Carolina","Roanoke Rapids","1800 block of Roanoke Avenue",0,1,N/A
"August 7, 2016",Arizona,Phoenix,"7th Street and Bell Road",0,1,N/A
"August 7, 2016",Pennsylvania,Erie,"9500 block of Route 89",0,2,N/A
"August 7, 2016",Virginia,Portsmouth,"100 block of Carol Lane",0,1,N/A
"August 7, 2016",Texas,Texarkana,"300 block of Breckenridge Street",0,1,N/A
"August 7, 2016","South Dakota","Rapid City","1800 block of Haines Avenue",0,1,N/A
"August 6, 2016",Utah,"Salt Lake City","500 South and 1600 West",0,1,N/A
"August 6, 2016",Utah,"Salt Lake City","1300 N. Mandalay Road (1910 West)",0,1,N/A
"August 6, 2016",Ohio,Liberty,"Goleta Avenue",0,1,N/A
"August 6, 2016",Indiana,Anderson,"2115 S Scatterfield Rd",0,0,N/A
"August 6, 2016",Oklahoma,"El Reno","7400 Jensen Road East",0,1,N/A
"August 5, 2016",Illinois,Chicago,"1500 block of South Harding Avenue",0,1,N/A
"August 5, 2016",Florida,Okeechobee,"Southeast 23rd Avenue",0,1,N/A
"August 5, 2016",Ohio,Springfield,N/A,0,1,N/A
"August 4, 2016",Indiana,"Terre Haute",N/A,0,1,N/A
"August 4, 2016",Missouri,Springfield,N/A,0,1,N/A
"August 3, 2016",Arkansas,Lonoke,"100 block of Highridge Drive",0,1,N/A
"August 3, 2016",Texas,Waco,"2423 Cole Avenue",1,1,N/A
"August 2, 2016","South Carolina",Coward,"4312 Circle Drive",1,1,N/A
"August 2, 2016",Arizona,Kingman,N/A,0,1,N/A
"August 2, 2016",Arkansas,"Little Rock","1225 Geyer St.",0,1,N/A
"August 2, 2016",Wyoming,"Park (county)","Marston Creek and Bliss Creek Meadows",0,1,N/A
"August 1, 2016","South Carolina",Greenville,"Hillside Circle",0,1,N/A
"August 1, 2016",Florida,Belleview,"6211 Southeast 126th Street",0,1,N/A
"August 1, 2016",Illinois,Chicago,"1000 block of West Maxwell",0,1,N/A
"July 31, 2016",Pennsylvania,Philadelphia,"1300 block of E. Rittenhouse Street",0,1,N/A
"July 31, 2016",Michigan,Jackson,"300 block of Moorman Drive",0,1,N/A
"July 31, 2016",Florida,Deltona,"Lake Baton Drive",0,1,N/A
"July 31, 2016",Texas,Houston,"300 block of De Haven St",1,0,N/A
"July 30, 2016",Pennsylvania,Lititz,"200 block of North Liberty Street",0,1,N/A
"July 30, 2016",Tennessee,Murfreesboro,"1414 Poplar Avenue",0,1,N/A
"July 29, 2016","New Jersey","Bridgeton (Upper Deerfield Twp)","300 block of Centerton Road",0,1,N/A
"July 29, 2016",Minnesota,"Albert Lea",N/A,0,1,N/A
"July 28, 2016",Texas,Granbury,"700 block of East U.S. Highway 377",0,1,N/A
"July 28, 2016",Virginia,Ruckersville,"Carpenter’s Mill Road",0,1,N/A
"July 28, 2016",Texas,Alvin,"4000 block of East Texas 6",0,1,N/A
"July 27, 2016",Texas,"Fort Worth","3600 block of Hulen Park Circle",0,1,N/A
"July 27, 2016",Illinois,Bradley,"200 block of North Michigan Avenue",0,2,N/A
"July 26, 2016",Pennsylvania,Pittsburgh,"1000 Ross Park Mall Dr",0,1,N/A
"July 25, 2016","New York",Dunkirk,"544 South Roberts Road",0,1,N/A
"July 25, 2016",Massachusetts,Hopkinton,"254 Fruit Street",0,1,N/A
"July 25, 2016","North Carolina","New Bern","Simmons Street and Neuse Boulevard",0,1,N/A
"July 24, 2016",Ohio,Sidney,"17148 Sidney Platsville Road",0,1,N/A
"July 24, 2016",Washington,"Tacoma (Fife)","4411  Pacific Highway East",0,2,N/A
"July 24, 2016",Mississippi,Meridian,"107 71st Pl",0,1,N/A
"July 24, 2016",Virginia,Portsmouth,"200 block of Derby Road",0,1,N/A
"July 24, 2016","North Carolina","Rocky Mount","400 block of Ambler Avenue",0,1,N/A
"July 24, 2016",California,Norco,"700 block of Seventh Street",0,2,N/A
"July 23, 2016",Nevada,"Las Vegas","6100 block of North Rainbow Boulevard",0,1,N/A
"July 23, 2016",Texas,"La Porte","200 block of West Main Street",0,2,N/A
"July 23, 2016",Connecticut,Bridgeport,"900 block of Howard Avenue",0,1,N/A
"July 23, 2016",Utah,Draper,"12300 South",0,1,N/A
"July 22, 2016",Pennsylvania,"Clearfield (county)",N/A,0,1,N/A
"July 22, 2016",Arizona,Surprise,"Loop 303 and Clearview Boulevard",0,1,N/A
"July 21, 2016",Florida,"Saint Petersburg","600 block of 44th Street South",0,1,N/A
"July 21, 2016",Colorado,Denver,"2700 block of West Wesley Avenue",0,1,N/A
"July 20, 2016",Alabama,Harvest,N/A,0,1,N/A
"July 20, 2016",Texas,"Texas City",N/A,0,1,N/A
"July 20, 2016",Michigan,Kalamazoo,"2100 block of Sunnyside Drive",0,1,N/A
"July 19, 2016",Ohio,Jackson,"554 East Main Street",0,1,N/A
"July 19, 2016",Pennsylvania,"South Mountain","Loop Road",0,2,N/A
"July 18, 2016",Oregon,Madras,"414 US-26",0,1,N/A
"July 17, 2016",Michigan,Wyoming,"355 54th St. SW",0,1,N/A
"July 17, 2016",Indiana,Gary,"Central Avenue",0,1,N/A
"July 17, 2016",Maryland,Elkton,"200 block of West Pulaski Highway",0,2,N/A
"July 17, 2016",Michigan,Detroit,"6000 block of Crane Street",0,1,N/A
"July 16, 2016",Florida,Jacksonville,"Tiber Avenue",0,1,N/A
"July 16, 2016",Colorado,"Garfield (county)","Highway 13",0,1,N/A
"July 16, 2016",Washington,"Mattawa (Desert Aire)","509 Clubhouse Way Southwest",0,1,N/A
"July 16, 2016",Pennsylvania,Philadelphia,"1300 block of South 33rd Street",0,2,N/A
"July 15, 2016",Washington,Seattle,"3400 block of 34 Ave S.",0,1,N/A
"July 15, 2016",Tennessee,Greeneville,"Mt. Hebron Road",0,1,N/A
"July 15, 2016",Nebraska,Fremont,"1900 block of Clarkson St.",0,1,N/A
"July 14, 2016",Michigan,Eastpointe,"22385 Hayes Avenue",0,2,N/A
"July 14, 2016",Virginia,Norfolk,"811 E City Hall Ave",0,1,N/A
"July 14, 2016",Colorado,"Denver (Edgewater)",N/A,0,1,N/A
"July 14, 2016",Tennessee,Maryville,"Tomotley Road",0,1,N/A
"July 14, 2016","North Carolina",Burlington,"1600 block of Preston Street",0,1,N/A
"July 14, 2016",Kentucky,Lexington,"Lindberg Drive",0,1,N/A
"July 13, 2016",Florida,Wellington,"10500 block of WIllow Oak Court",0,1,N/A
"July 13, 2016","New York",Jamaica,"Union Hall Street",0,1,N/A
"July 13, 2016",Kentucky,Louisville,"3000 block of University Road",0,1,N/A
"July 13, 2016","North Carolina",Hendersonville,"900 North Main Street",0,2,N/A
"July 12, 2016",Alaska,Anchorage,"Boniface and Debarr Road",0,1,N/A
"July 12, 2016",Oregon,Mcminnville,"2700 SE Stratus Ave",0,1,N/A
"July 12, 2016",Pennsylvania,Washington,"1283 Motel 6 Dr",0,1,N/A
"July 12, 2016",Georgia,Athens,"Barnett Shoals Road",0,1,N/A